rank,complex,uf,source,group,confidence,eligible_GWh_REL_CNF,sobreoferta_GWh_ENE,operating_MW,spe_holders_siga
1,SERRA DO MEL B,RN,Wind,Echoenergia (Equatorial),H,950.59,176.88,478.8,VILA PIAUI 2 EMPREENDIMENTOS E PARTICIPACOES S.A.; VILA PIAUI 1 EMPREENDIMENTOS E PARTICIPACOES S.A.; VILA ALAGOAS II EMPREENDIMENTOS E PARTICIPACOES S.A
2,SERRA DO MEL A,RN,Wind,Casa dos Ventos,M,940.06,216.98,551.7,VENTOS DE VILA CEARA I SPE S.A; VENTOS DE VILA CEARA II SPE S.A; VENTOS DE VILA PARAIBA IV SPE S.A
3,CAJU,RN,Wind,Casa dos Ventos,M,670.66,248.58,685.8,VENTOS DE SANTA TEREZA 14 ENERGIAS RENOVAVEIS S.A.; VENTOS DE SANTA TEREZA 01 ENERGIAS RENOVAVEIS S.A.; VENTOS DE SANTA TEREZA 02 ENERGIAS RENOVAVEIS S.A.
4,JANAUBA,MG,Solar,Janaúba (Telefônica/Aegea AP),H,628.24,625.15,1336.8,TELEFONICA BRASIL S.A.; AGUAS DO RIO 4 SPE S.A; Janaúba I Geração Solar Energia S.A.
5,MONTE VERDE,RN,Wind,Central Eólica SPEs (RN/CE),M,581.43,237.21,418.2,CENTRAL EOLICA MONTE VERDE I S.A; CENTRAL EOLICA MONTE VERDE II S.A; CENTRAL EOLICA MONTE VERDE III S.A
6,SANTO AGOSTINHO,RN,Wind,Engie Brasil Energia,H,476.86,226.02,434.0,Eólica Santo Agostinho 1 S.A.; Eólica Santo Agostinho 2 S.A.; Eólica Santo Agostinho 3 S.A.
7,SERRA DO MEL II B,RN,Wind,— unmapped —,L,435.44,35.86,0.0,
8,JERUSALEM,RN,Wind,Central Eólica SPEs (RN/CE),M,407.21,197.13,260.4,CENTRAL EOLICA JERUSALEM I S.A.; CENTRAL EOLICA JERUSALEM II S.A.; CENTRAL EOLICA JERUSALEM III S.A.
9,SERRA DO MEL II A,RN,Wind,— unmapped —,L,401.96,45.14,0.0,
10,RIO DO VENTO,RN,Wind,Casa dos Ventos,M,388.13,370.08,504.0,VENTOS DE SANTA AMÉLIA ENERGIAS RENOVÁVEIS S/A; VENTOS DE SANTO ARTUR ENERGIAS RENOVAVEIS S/A; VENTOS DE SANTA ALICE ENERGIAS RENOVÁVEIS S/A
11,LARANJEIRAS,BA,Wind,Serena Energia,M,382.32,270.03,505.1,CARGILL AGRICOLA S A; ASSURUA 3 I ENERGIA S.A.; ASSURUA 3 II ENERGIA S.A.
12,NOVO HORIZONTE,BA,Wind,Casa dos Ventos,M,349.4,228.67,423.0,VENTOS DE SAO TEOFANO ENERGIAS RENOVAVEIS S.A.; VENTOS DE SAO TEONAS ENERGIAS RENOVAVEIS S.A.; VENTOS DE SAO THOMAS ENERGIAS RENOVAVEIS S.A.
13,CUMARU,RN,Wind,Enel Green Power Brasil,H,325.94,206.71,205.8,ENEL GREEN POWER CUMARU 01 S.A.; ENEL GREEN POWER CUMARU 05 S.A; ENEL GREEN POWER CUMARU 03 S.A
14,RIO DO VENTO EXPANSAO,RN,Wind,Casa dos Ventos,M,321.94,277.68,534.2,VENTOS DE SANTA LÍVIA ENERGIAS RENOVÁVEIS S.A.; VENTOS DE SÃO LUIGI ENERGIAS RENOVÁVEIS S.A.; VENTOS DE SÃO LEOPOLDO ENERGIAS RENOVÁVEIS S.A.
15,VISTA ALEGRE - JANAUBA,MG,Solar,Solar MG SPEs,M,312.55,320.63,767.6,VISTA ALEGRE VII ENERGIA SPE LTDA.; CENTRAL FOTOVOLTAICA VISTA ALEGRE XV SPE LTDA.; VISTA ALEGRE I ENERGIA SPE LTDA
16,IGAPORA II,BA,Wind,Serena Energia,M,285.56,166.06,294.4,CENTRAIS EOLICAS SERRA DO SALTO LTDA.; CENTRAIS EOLICAS ILHEUS LTDA.; CENTRAIS EOLICAS CANDIBA LTDA.
17,MOSSORO II,RN,Wind,Casa dos Ventos,M,283.28,187.54,407.9,USINA DE ENERGIA EOLICA CARCARA I SPE S.A.; USINA DE ENERGIA EOLICA CAICARA I SPE S.A.; USINA DE ENERGIA EOLICA CARCARA II SPE S.A.
18,SOL DO SERTAO,BA,Solar,Elera Renováveis (Brookfield),H,281.85,288.08,415.0,SOL DO SERTAO OB III ENERGIA SOLAR S.A; SOL DO SERTÃO OB I ENERGIA SOLAR LTDA; SOL DO SERTAO OB II ENERGIA SOLAR S.A
19,LAGOA DOS VENTOS,PI,Wind,Enel Green Power Brasil,H,279.62,321.88,716.5,ENEL GREEN POWER VENTOS DE SANTA ANGELA 1 S.A.; ENEL GREEN POWER VENTOS DE SANTA ANGELA 2 S.A.; ENEL GREEN POWER VENTOS DE SANTA ANGELA 3 S.A.
20,MONTE DO RONCA,RN,Wind,Casa dos Ventos,M,255.97,183.15,256.4,VENTOS DE SAO FERNANDO I ENERGIA S.A; VENTOS DE SAO FERNANDO II ENERGIA S.A.; VENTOS DE SAO FERNANDO III ENERGIA S.A
21,SERRA DO MEL C,RN,Solar,Serra do Mel solar SPEs,M,253.39,245.37,433.1,SOL SERRA DO MEL I SPE S.A; SOL SERRA DO MEL II SPE S.A; SOL SERRA DO MEL V SPE S.A
22,ARACATI II,CE,Wind,CPFL Energias Renováveis (State Grid),H,252.66,81.6,138.5,CPFL ENERGIAS RENOVÁVEIS S.A.
23,SERRA DO ASSURUA,BA,Wind,Engie Brasil Energia,H,252.32,215.5,846.0,EÓLICA SERRA DO ASSURUÁ 1 LTDA.; EÓLICA SERRA DO ASSURUÁ 2 LTDA.; EÓLICA SERRA DO ASSURUÁ 3 LTDA
24,SOL DO CERRADO,MG,Solar,— unmapped —,L,241.96,275.96,681.3,
25,ARINOS 2,MG,Solar,— unmapped —,L,240.59,452.75,0.0,
26,MORRO DO CHAPEU SUL II,BA,Wind,Enel Green Power Brasil,H,232.57,209.64,352.8,ENEL GREEN POWER VENTOS DE SANTA ESPERANCA 15 S.A.; ENEL GREEN POWER VENTOS DE SANTA ESPERANÇA 16 S.A.; ENEL GREEN POWER VENTOS DE SANTA ESPERANÇA 17 S.A.
27,AFONSO BEZERRA,RN,Wind,Cutia/União dos Ventos SPEs,M,225.52,97.13,159.6,AFONSO BEZERRA I GERACAO DE ENERGIA SPE S.A; AFONSO BEZERRA II GERACAO DE ENERGIA SPE S.A; AFONSO BEZERRA III GERACAO DE ENERGIA SPE S.A.
28,CUTIA,RN,Wind,Cutia/União dos Ventos SPEs,M,219.81,254.32,312.9,USINA DE ENERGIA EOLICA GUAJIRU S/A; USINA DE ENERGIA EOLICA JANGADA S/A; USINA DE ENERGIA EOLICA CUTIA S/A
29,JAIBA V,MG,Solar,Jaíba V (Sendas/Assaí AP),H,209.77,240.51,500.0,SENDAS DISTRIBUIDORA S/A; Jaíba CN Energias Renováveis S.A.; Jaíba CE Energias Renováveis S.A.
30,SERRA DA BABILONIA,BA,Wind,Serra da Babilônia / BA SPEs,M,207.52,177.3,505.2,EOLICA SERRA DA BABILONIA II S.A; EOLICA SERRA DA BABILONIA IX S.A; EOLICA SERRA DA BABILONIA VI S.A
31,VENTOS SANTA EUGENIA,BA,Wind,— unmapped —,L,206.29,128.46,0.0,
32,BELMONTE,PE,Solar,Belmonte (Mateus Supermercados AP),H,204.23,243.7,455.0,MATEUS SUPERMERCADOS S.A.; BELMONTE 1.1. PARQUE SOLAR S.A.; BELMONTE 1.2. PARQUE SOLAR S.A.
33,UMBURANAS,BA,Wind,Engie Brasil Energia,H,202.7,205.32,360.0,EOLICA UMBURANAS 5 S.A.; EOLICA UMBURANAS 1 S.A.; EOLICA UMBURANAS 2 S.A.
34,CAMPO LARGO,BA,Wind,Engie Brasil Energia,H,198.27,275.75,687.9,CLWP EOLICA PARQUE III S.A.; CLWP EOLICA PARQUE IV S.A.; CLWP EOLICA PARQUE V S.A.
35,ARACAS,BA,Wind,CENTRAIS EOLICAS VENTOS DO NORDESTE S/A (SPE only),L,195.84,107.9,167.7,CENTRAIS EOLICAS VENTOS DO NORDESTE S/A; CENTRAIS EOLICAS DA PRATA S.A; Centrais Eólicas dos Araçás S.A
36,BRISA POTIGUAR I,RN,Wind,Casa dos Ventos,M,193.72,126.92,183.6,NOVA ASA BRANCA I ENERGIAS RENOVAVEIS S.A; NOVA EURUS IV ENERGIAS RENOVAVEIS S.A; NOVA ASA BRANCA II ENERGIAS RENOVAVEIS S.A
37,SANTA CLARA,RN,Wind,Voltalia Brasil,M,192.14,135.78,188.0,SANTA CLARA I ENERGIAS RENOVAVEIS LTDA; SANTA CLARA III ENERGIAS RENOVAVEIS LTDA; SANTA CLARA VI ENERGIAS RENOVAVEIS LTDA
38,FUTURA,BA,Solar,Solar BA SPEs,M,189.38,312.59,692.4,SPE FUTURA 4 GERACAO E COMERCIALIZACAO DE ENERGIA SOLAR S.A.; SPE FUTURA 1 GERACAO E COMERCIALIZACAO DE ENERGIA SOLAR S.A.; SPE FUTURA 2 GERACAO E COMERCIALIZACAO DE ENERGIA SOLAR S.A.
39,BLOCO SUL,RN,Wind,Casa dos Ventos,M,181.93,132.21,155.4,VENTOS DE SANTO DIMAS ENERGIAS RENOVAVEIS LTDA.; SAO BENEDITO ENERGIAS RENOVAVEIS LTDA; VENTOS DE SAO MARTINHO ENERGIAS RENOVAVEIS LTDA.
40,FOLHA LARGA,BA,Wind,Casa dos Ventos,M,175.39,139.5,344.4,PARQUE EOLICO VENTOS DE SAO JANUARIO 04 S.A; PARQUE EOLICO VENTOS DE SAO JANUARIO 05 S.A; PARQUE EOLICO VENTOS DE SAO JANUARIO 01 S.A
41,MARANGATU,PI,Solar,Voltalia Brasil,M,172.65,216.28,360.0,MARANGATU 4 ENERGIAS RENOVAVEIS S.A.; MARANGATU 5 ENERGIAS RENOVAVEIS S.A.; MARANGATU 6 ENERGIAS RENOVAVEIS S.A.
42,PITOMBEIRA,CE,Solar,ENERGIA DOS VENTOS II S.A (SPE only),L,169.79,105.08,98.7,ENERGIA DOS VENTOS II S.A; ENERGIA DOS VENTOS I S.A; ENERGIA DOS VENTOS III S.A
43,IGAPORA III,BA,Wind,— unmapped —,L,169.11,101.53,0.0,
44,UNIAO DOS VENTOS,RN,Wind,Casa dos Ventos,M,167.66,183.58,234.7,ENERGIA POTIGUAR GERADORA EOLICA S/A.; TORRES DE PEDRA GERADORA EOLICA S/A.; PONTA DO VENTO LESTE GERADORA EOLICA S/A.
45,SANTO INACIO,CE,Wind,Central Eólica SPEs (RN/CE),M,166.32,71.44,170.1,CENTRAL EOLICA SANTO INACIO IV S.A.; CENTRAL EOLICA GARROTE S.A.; CENTRAL EOLICA SANTO INACIO III S.A.
46,SAO ROQUE,PI,Wind,Enel Green Power Brasil,H,160.58,297.68,795.0,ENEL GREEN POWER VENTOS DE SAO ROQUE 01 S.A.; ENEL GREEN POWER VENTOS DE SAO ROQUE 02 S.A.; ENEL GREEN POWER VENTOS DE SAO ROQUE 03 S.A
47,CAETITE NORTE,BA,Wind,Engie Brasil Energia,H,160.2,114.51,193.2,EOLICA CAETITE D S.A.; EOLICA CAETITE ECO S.A.; EOLICA CAETITE F S.A.
48,OUROLANDIA II,BA,Wind,Enel Green Power Brasil,H,159.43,201.78,541.8,Enel Green Power Aroeira 01 S.A.; Enel Green Power Aroeira 02 S.A.; Enel Green Power Aroeira 03 S.A.
49,BANABUIU,CE,Solar,Voltalia Brasil,M,158.27,123.04,230.0,PANATÍ 1 ENERGIAS RENOVÁVEIS S.A.; PANATÍ 2 ENERGIAS RENOVÁVEIS S.A.; Panatí 3 Energias Renováveis S.A.
50,TRAIRI,CE,Wind,Engie Brasil Energia,H,156.6,211.95,212.6,EOLICA MUNDAU LTDA; EOLICA TRAIRI LTDA; EOLICA GUAJIRU LTDA
51,GENTIO DO OURO I,BA,Wind,Serena Energia,M,154.15,124.52,303.0,ASSURUA 1 I ENERGIA S.A.; ASSURUA 1 II ENERGIA S.A.; ASSURUA 1 III ENERGIA S.A.
52,MORRO DOS VENTOS,RN,Wind,Serena Energia,M,152.3,105.53,173.4,DESA MORRO DOS VENTOS VI LTDA.; DESA MORRO DOS VENTOS I LTDA.; DESA MORRO DOS VENTOS IX LTDA.
53,CURRAL NOVO DO PIAUI II,PI,Wind,— unmapped —,L,150.25,384.51,0.0,
54,AMAZONAS,RN,Wind,— unmapped —,L,149.25,15.93,0.0,
55,TANQUE NOVO,BA,Wind,Voltalia Brasil,M,144.3,98.39,180.0,TANQUE NOVO VI ENERGIAS RENOVAVEIS S.A.; TANQUE NOVO VII ENERGIAS RENOVAVEIS S.A.; TANQUE NOVO III ENERGIAS RENOVAVEIS S.A.
56,RENASCENCA,RN,Wind,GERACAO CENTRAL EOLICA VENTOS DE  SAO MI (SPE only),L,142.39,100.49,150.0,GERACAO CENTRAL EOLICA VENTOS DE  SAO MIGUEL  S.A.; GERACAO CENTRAL EOLICA RENASCENCA I S.A.; GERACAO EOLICA RENASCENCA II S.A.
57,RIBEIRO GONCALVES,PI,Solar,Echoenergia (Equatorial),H,141.71,161.3,223.2,RIBEIRO GONCALVES SOLAR I S.A.; RIBEIRO GONCALVES SOLAR II S.A.; RIBEIRO GONCALVES SOLAR III S.A.
58,BROTAS DE MACAUBAS,BA,Wind,— unmapped —,L,137.66,66.34,0.0,
59,ALEX,CE,Solar,Elera Renováveis (Brookfield),H,137.17,104.25,278.4,ALEX I ENERGIA SPE S.A.; ALEX V ENERGIA SPE S.A.; ALEX VI ENERGIA SPE S.A.
60,MORRAO,BA,Wind,Engie Brasil Energia,H,136.75,66.84,117.6,CENTRAIS EOLICAS MORRAO S/A; CENTRAIS EOLICAS SERAIMA S.A; CENTRAIS EOLICAS DOURADOS S.A
61,BARREIRAS II,BA,Solar,— unmapped —,L,136.28,208.83,0.0,
62,ASA BRANCA,RN,Wind,Voltalia Brasil,M,128.48,97.84,160.0,ASA BRANCA IV ENERGIAS RENOVAVEIS S.A.; ASA BRANCA V ENERGIAS RENOVAVEIS S.A.; ASA BRANCA VIII ENERGIAS RENOVAVEIS S.A.
63,VENTOS DE SAO VITOR,BA,Wind,Casa dos Ventos,M,127.75,139.73,480.0,VENTOS DE SAO VITOR 03 ENERGIAS RENOVAVEIS S/A; VENTOS DE SAO VITOR 04 ENERGIAS RENOVAVEIS S/A; VENTOS DE SAO VITOR 10 ENERGIAS RENOVAVEIS S/A
64,ITUVERAVA,BA,Solar,Enel Green Power Brasil,H,127.06,141.53,196.0,ENEL GREEN POWER ITUVERAVA SUL SOLAR S A; ENEL GREEN POWER ITUVERAVA NORTE SOLAR S A; ENEL GREEN POWER ITUVERAVA SOLAR S A
65,GILBUES II,PI,Solar,— unmapped —,L,126.03,249.3,0.0,
66,CIRANDA,PE,Solar,Voltalia Brasil,M,124.65,151.17,244.5,CIRANDA 4 ENERGIAS RENOVAVEIS S.A.; CIRANDA 5 ENERGIAS RENOVAVEIS S.A; CIRANDA 6 ENERGIAS RENOVAVEIS S.A.
67,AVENTURA,RN,Wind,Central Eólica SPEs (RN/CE),M,124.27,67.36,105.0,CENTRAL EOLICA AVENTURA II S/A; CENTRAL EOLICA AVENTURA III S.A.; CENTRAL EOLICA AVENTURA IV S.A.
68,OITIS,PI,Wind,Casa dos Ventos,M,123.83,201.75,566.5,OITIS 21 ENERGIA RENOVÁVEL S.A.; OITIS 22 ENERGIA RENOVÁVEL S.A.; OITIS 10 ENERGIA RENOVÁVEL S.A.
69,CAMPO LARGO 2,BA,Wind,— unmapped —,L,118.66,54.36,0.0,
70,HELIO VALGAS,MG,Solar,Solar MG SPEs,M,115.56,306.79,500.0,GERADORA SOLAR HELIO VALGAS I S.A.; GERADORA SOLAR HELIO VALGAS II S.A.; GERADORA SOLAR HELIO VALGAS III S.A.
71,BABILONIA SUL,BA,Wind,Casa dos Ventos,M,114.18,128.44,460.0,Ventos de Santa Jacinta Energias Renováveis S.A.; Ventos de São Joaquim Energias Renováveis S.A.; Ventos de São Júlio I Energias Renováveis S.A.
72,SANTA ROSALIA,CE,Wind,NOVA VENTOS DO MORRO DO CHAPEU ENERGIAS  (SPE only),L,113.54,62.8,141.0,NOVA VENTOS DO MORRO DO CHAPEU ENERGIAS RENOVAVEIS S.A; NOVA VENTOS DE TIANGUA NORTE ENERGIAS RENOVAVEIS S.A; NOVA VENTOS DE TIANGUA ENERGIAS RENOVAVEIS S.A
73,OLHO D'AGUA,RN,Wind,GE FAROL S/A (SPE only),L,113.06,99.34,94.0,GE FAROL S/A; GE BOA VISTA S/A; GE SAO BENTO DO NORTE S/A
74,SERROTE A,CE,Wind,SERROTE I GERACAO DE ENERGIA ELETRICA S. (SPE only),L,113.0,165.34,205.8,SERROTE I GERACAO DE ENERGIA ELETRICA S.A; SERROTE II GERACAO DE ENERGIA ELETRICA S.A; SERROTE III GERACAO DE ENERGIA ELETRICA S.A
75,CABECO PRETO II,RN,Wind,GESTAMP EÓLICA JARDINS S.A. (SPE only),L,110.94,73.41,146.2,Gestamp Eólica Jardins S.A.; ELAWAN EOLICA ALVORADA S.A.; ELAWAN EOLICA AGRESTE S.A.
76,VENTOS DA BAHIA,BA,Wind,PARQUE EOLICO VENTOS DA BAHIA I S.A. (SPE only),L,110.2,110.07,298.1,PARQUE EOLICO VENTOS DA BAHIA I S.A.; PARQUE EOLICO VENTOS DA BAHIA III S.A.; PARQUE EOLICO VENTOS DA BAHIA IX S.A.
77,JANDAIRA I,RN,Wind,JANDAIRA I ENERGIAS RENOVAVEIS S.A. (SPE only),L,110.06,59.95,90.1,JANDAIRA I ENERGIAS RENOVAVEIS S.A.; JANDAIRA II ENERGIAS RENOVAVEIS S.A.; JANDAIRA III ENERGIAS RENOVAVEIS S.A.
78,CAMPO DOS VENTOS,RN,Wind,CAMPOS DOS VENTOS II ENERGIAS RENOVAVEIS (SPE only),L,109.72,81.22,105.6,CAMPOS DOS VENTOS II ENERGIAS RENOVAVEIS LTDA.; CAMPOS DOS VENTOS V ENERGIAS RENOVAVEIS LTDA.; CAMPOS DOS VENTOS III ENERGIAS RENOVAVEIS LTDA.
79,RIACHAO,RN,Wind,CENTRAL GERADORA EOLICA ACARI S.A. (SPE only),L,108.78,119.82,145.8,Central Geradora Eolica Acari S.A.; CENTRAL GERADORA EOLICA ALBUQUERQUE S.A; CENTRAL GERADORA EOLICA APELIOTES S.A
80,JANDAIA,CE,Wind,ENERGIA DOS VENTOS IX S.A (SPE only),L,106.33,35.58,123.0,ENERGIA DOS VENTOS IX S.A; ENERGIA DOS VENTOS V S.A; ENERGIA DOS VENTOS VIII S.A
81,MANGUE SECO,RN,Wind,— unmapped —,L,105.13,66.01,104.0,
82,TERRA SANTA,RN,Wind,CENTRAL EOLICA TERRA SANTA SPE I S.A (SPE only),L,102.23,65.02,92.3,CENTRAL EOLICA TERRA SANTA SPE I S.A; CENTRAL EOLICA TERRA SANTA SPE II S.A
83,CAMPO FORMOSO,BA,Wind,CAMPO FORMOSO I ENERGIAS RENOVAVEIS S.A. (SPE only),L,101.34,83.83,180.0,CAMPO FORMOSO I ENERGIAS RENOVAVEIS S.A.; ANDORINHA ENERGIAS RENOVAVEIS S.A.; MORRINHOS ENERGIAS RENOVAVEIS S.A.
84,LAR DO SOL,MG,Solar,USINA DE ENERGIA FOTOVOLTAICA LAR DO SOL (SPE only),L,99.9,166.39,495.0,USINA DE ENERGIA FOTOVOLTAICA LAR DO SOL VI S.A.; USINA DE ENERGIA FOTOVOLTAICA LAR DO SOL I S.A.; USINA DE ENERGIA FOTOVOLTAICA LAR DO SOL IV S.A.
85,ACU III,RN,Solar,— unmapped —,L,98.17,160.26,0.0,
86,ICARAI,CE,Wind,CENTRAL GERADORA EOLICA ICARAI II S.A. (SPE only),L,96.82,144.17,140.7,CENTRAL GERADORA EOLICA ICARAI II S.A.; CENTRAL GERADORA EOLICA ICARAI I S.A.; CENTRAL GERADORA EOLICA ILHA GRANDE S.A.
87,CARNAUBAS,RN,Wind,USINA DE ENERGIA EOLICA SAO JOAO SPE S.A (SPE only),L,96.61,104.08,108.5,USINA DE ENERGIA EOLICA SAO JOAO SPE S.A; USINA DE ENERGIA EOLICA CARNAUBA SPE S.A; USINA DE ENERGIA EOLICA REDUTO SPE S.A
88,ITAREMA V,CE,Wind,EOLICA ITAREMA V S.A. (SPE only),L,95.18,153.04,207.0,EOLICA ITAREMA V S.A.; EOLICA ITAREMA II S.A.; EOLICA ITAREMA III S.A.
89,CAETITE 123,BA,Wind,Engie Brasil Energia,H,94.5,50.41,90.0,CAETITE 2 ENERGIA RENOVAVEL S/A; CAETITE 3 ENERGIA RENOVAVEL S/A.; CAETITE 1 ENERGIA RENOVAVEL S/A
90,ALEGRIA II,RN,Wind,— unmapped —,L,93.48,56.71,0.0,
91,FAISA,CE,Wind,EMBUACA GERACAO E COMERCIALIZACAO DE ENE (SPE only),L,92.66,160.15,227.8,EMBUACA GERACAO E COMERCIALIZACAO DE ENERGIA S/A; CENTRAL EOLICA SAO JORGE S.A.; CENTRAL EOLICA SAO CRISTOVAO S.A.
92,ARIZONA,BA,Wind,MORRO BRANCO II ENERGÉTICA S.A. (SPE only),L,92.61,98.49,246.0,Morro Branco II Energética S.A.; SERRA DO FOGO ENERGÉTICA S.A.; SERRA DO VENTO ENERGÉTICA S.A.
93,SERRA DO MATO,CE,Solar,EOLICA SERRA DO MATO I ENERGY S.A (SPE only),L,89.63,158.34,223.3,EOLICA SERRA DO MATO I ENERGY S.A; EOLICA SERRA DO MATO II ENERGY S.A; EOLICA SERRA DO MATO III ENERGY S.A.
94,FOLHA LARGA SUL,BA,Wind,Casa dos Ventos,M,88.75,72.15,151.2,VENTOS DE SÃO BENTO ENERGIAS RENOVÁVEIS S.A; VENTOS DE SÃO GALVÃO ENERGIAS RENOVÁVEIS S/A; VENTOS DE SANTO ELOY ENERGIAS RENOVÁVEIS S/A
95,LAGOA DO BARRO I,PI,Wind,LAGOA DO BARRO IX ENERGIAS RENOVAVEIS S. (SPE only),L,87.88,113.49,295.8,LAGOA DO BARRO IX ENERGIAS RENOVAVEIS S.A.; LAGOA DO BARRO VII ENERGIAS RENOVAVEIS S.A.; LAGOA DO BARRO III ENERGIAS RENOVAVEIS S.A.
96,SAO CLEMENTE,PE,Wind,Casa dos Ventos,M,87.84,109.4,232.5,VENTOS DE SAO CLEMENTE I ENERGIAS RENOVAVEIS S.A; VENTOS DE SAO CLEMENTE II ENERGIAS RENOVAVEIS S.A; VENTOS DE SAO CLEMENTE III ENERGIAS RENOVAVEIS S.A
97,PIRAPORA 2,MG,Solar,VAZANTE I ENERGIAS RENOVAVEIS S.A. (SPE only),L,86.52,161.96,329.0,VAZANTE I ENERGIAS RENOVAVEIS S.A.; VAZANTE II ENERGIAS RENOVAVEIS S.A.; VAZANTE III ENERGIAS RENOVAVEIS S.A.
98,JANDAIRA III,RN,Wind,Cutia/União dos Ventos SPEs,M,85.61,43.93,63.0,EOLICA DO AGRESTE POTIGUAR I S.A.; EOLICA DO AGRESTE POTIGUAR II S.A.
99,BAIXA DO FEIJAO,RN,Wind,CENTRAL EOLICA JAU S.A. (SPE only),L,85.14,80.26,218.7,CENTRAL EOLICA JAU S.A.; CENTRAL EOLICA BAIXA DO FEIJAO IV S.A.; CENTRAL EOLICA BAIXA DO FEIJAO I S.A.
100,GPEXPAN,BA,Wind,AXIA ENERGIA NORDESTE S.A. (SPE only),L,82.97,54.23,189.9,AXIA ENERGIA NORDESTE S.A.; CIA BEAL DE ALIMENTOS; EOLICA PINDAI IV GERACAO DE ENERGIA S.A.
101,MORRO DOS VENTOS II,RN,Wind,Serena Energia,M,82.72,59.77,89.2,DESA EURUS I LTDA.; DESA EURUS III LTDA.; DESA MORRO DOS VENTOS II LTDA.
102,PAPAGAIOS,CE,Wind,NOVA EOLICA BURITI S.A. (SPE only),L,78.81,90.55,87.0,NOVA EOLICA BURITI S.A.; NOVA EOLICA COQUEIRO S.A.; NOVA EOLICA CAJUCOCO S.A.
103,CALCARIO,CE,Solar,APODI I ENERGIA SPE S/A (SPE only),L,78.18,49.1,132.0,APODI I ENERGIA SPE S/A; APODI II ENERGIA SPE S/A; APODI III ENERGIA SPE S/A
104,AREIA BRANCA,RN,Wind,EOLICA BELA VISTA GERACAO E COMERCIALIZA (SPE only),L,78.16,34.98,50.4,EOLICA BELA VISTA GERACAO E COMERCIALIZACAO DE ENERGIA SA; EOLICA MAR E TERRA GERACAO E COMERCIALIZACAO DE ENERGIA S.A.
105,TAMBORIL II,BA,Wind,CENTRAIS EOLICAS SAO SALVADOR S.A (SPE only),L,78.09,38.16,64.8,CENTRAIS EOLICAS SAO SALVADOR S.A; CENTRAIS EOLICAS ANGICO S.A.; CENTRAIS EOLICAS TABOQUINHA S.A.
106,CACIMBAS,CE,Wind,GERADORA EOLICA BONS VENTOS DA SERRA 2 S (SPE only),L,75.66,40.35,86.1,GERADORA EOLICA BONS VENTOS DA SERRA 2 S.A.
107,PINDAI II,BA,Wind,— unmapped —,L,73.63,48.12,0.0,
108,MONTE VERDE SOLAR,RN,Solar,Central Eólica SPEs (RN/CE),M,72.18,106.14,212.4,BOZEL BRASIL S.A.; CENTRAL GERADORA FOTOVOLTAICA MONTE VERDE SOLAR VII S.A.; CENTRAL GERADORA FOTOVOLTAICA MONTE VERDE SOLAR III S.A.
109,RENASCENCA V,RN,Wind,RENASCENCA V ENERGIAS RENOVAVEIS S.A. (SPE only),L,72.05,47.42,60.0,RENASCENCA V ENERGIAS RENOVAVEIS S.A.; EURUS II ENERGIAS RENOVAVEIS S.A.
110,MACACOS,RN,Wind,SPE JUREMAS ENERGIA S.A. (SPE only),L,70.62,46.61,78.2,SPE JUREMAS ENERGIA S.A.; SPE MACACOS ENERGIA S.A.; SPE PEDRA PRETA ENERGIA S.A.
111,SERRA DO SERIDO,PB,Wind,PARQUE EÓLICO SERRA DO SERIDÓ II S.A. (SPE only),L,70.48,141.36,479.8,Parque Eólico Serra do Seridó II S.A.; Parque Eólico Serra do Seridó III S.A.; Parque Eólico Serra do Seridó IV S.A.
112,FOTOV. ACU III,RN,Solar,— unmapped —,L,69.33,40.43,0.0,
113,MUNDO NOVO,RN,Wind,SPE 3  CENTRAL EÓLICA MUNDO NOVO S.A. (SPE only),L,68.94,85.6,103.5,SPE 3  Central Eólica Mundo Novo S.A.; SPE 2  Central Eólica Mundo Novo S.A.; SPE 1  Central Eólica Mundo Novo S.A.
114,CAETITE,BA,Wind,Engie Brasil Energia,H,67.59,40.16,58.8,CENTRAIS EOLICAS CAETITE S.A; CENTRAIS EOLICAS SERRA DO ESPINHACO S.A; CENTRAIS EOLICAS ESPIGAO S.A
115,FOTOVOLTAICO BARREIRAS II,BA,Solar,— unmapped —,L,67.05,41.39,0.0,
116,REI DOS VENTOS 3,RN,Wind,— unmapped —,L,66.61,40.39,0.0,
117,GAMELEIRA,RN,Wind,SPE COSTA DAS DUNAS ENERGIA S.A. (SPE only),L,66.25,60.28,81.7,SPE COSTA DAS DUNAS ENERGIA S.A.; SPE FAROL DE TOUROS ENERGIA S.A.; SPE FIGUEIRA BRANCA ENERGIA LTDA.
118,BABILONIA CENTRO,BA,Wind,Casa dos Ventos,M,65.33,142.51,753.5,Ventos de Santa Felicidade Energias Renováveis S.A.; Ventos de São Julião Energias Renováveis S.A.; Ventos de São Raimundo Energias Renováveis S.A.
119,TUCANO,BA,Wind,TUCANO F2 GERACAO DE ENERGIAS SPE S.A. (SPE only),L,64.54,94.8,322.4,TUCANO F2 GERACAO DE ENERGIAS SPE S.A.; TUCANO F3 GERACAO DE ENERGIAS SPE S.A.; TUCANO F4 GERACAO DE ENERGIAS SPE S.A.
120,SERRA AZUL,BA,Wind,Enel Green Power Brasil,H,64.39,74.75,118.0,ENEL GREEN POWER DOIS RIACHOS EOLICA S.A.; ENEL GREEN POWER MANICOBA EOLICA S.A.; ENEL GREEN POWER DAMASCENA EOLICA S.A.
121,CRISTALANDIA,BA,Wind,CRISTALANDIA II EOLICA S.A. (SPE only),L,63.63,46.79,90.0,CRISTALANDIA II EOLICA S.A.; CRISTALANDIA I EOLICA S.A.
122,LAVRAS,CE,Solar,LAVRAS 1 SOLAR ENERGIAS RENOVAVEIS S.A. (SPE only),L,63.16,115.86,201.0,LAVRAS 1 SOLAR ENERGIAS RENOVAVEIS S.A.; LAVRAS 2 SOLAR ENERGIAS RENOVAVEIS S.A.; LAVRAS 3 SOLAR ENERGIAS RENOVAVEIS S.A.
123,QUINA,BA,Wind,— unmapped —,L,61.43,16.42,0.0,
124,MIASSABA 3,RN,Wind,— unmapped —,L,61.3,43.9,0.0,
125,CARCARA II,RN,Wind,— unmapped —,L,60.7,8.16,0.0,
126,MORRO DO CHAPEU SUL,BA,Wind,Enel Green Power Brasil,H,57.61,88.28,172.0,ENEL GREEN POWER MORRO DO CHAPEU II EOLICA S.A; ENEL GREEN POWER MORRO DO CHAPEU I EOLICA S.A.; ENEL GREEN POWER BOA VISTA EOLICA S A
127,PEDRA BRANCA,BA,Wind,PEDRA BRANCA S.A. (SPE only),L,57.23,83.29,248.9,Pedra Branca S.A.; SETE GAMELEIRAS S/A; São Pedro do Lago S.A
128,CHAPADA I,PI,Wind,Casa dos Ventos,M,57.15,81.54,210.0,VENTOS DE SANTA JOANA II ENERGIAS RENOVAVEIS S.A.; VENTOS DE SANTO ONOFRE II ENERGIAS RENOVAVEIS S.A.; VENTOS DE SANTO ONOFRE I ENERGIAS RENOVAVEIS S.A.
129,CAETES II,PE,Wind,Casa dos Ventos,M,56.88,92.79,181.9,VENTOS DE SANTA BRIGIDA V ENERGIAS RENOVAVEIS S.A; VENTOS DE SANTA BRIGIDA VI ENERGIAS RENOVAVEIS S.A; VENTOS DE SANTA BRIGIDA III ENERGIAS RENOVAVEIS S.A
130,PELOURINHO,BA,Wind,CENTRAIS EOLICAS PELOURINHO S.A (SPE only),L,52.65,28.91,42.0,CENTRAIS EOLICAS PELOURINHO S.A; CENTRAIS EOLICAS BORGO S.A
131,PRAIA FORMOSA,CE,Wind,— unmapped —,L,52.3,76.42,0.0,
132,SAO BASILIO,PI,Solar,Casa dos Ventos / Mossoró II SPEs,M,52.16,138.11,402.1,CENTRAL GERADORA EOLICA BRITE S.A; CENTRAL GERADORA EOLICA COLIBRI S.A; CENTRAL GERADORA EOLICA CAICARA S.A.
133,BABILONIA,BA,Wind,CENTRAL EOLICA BABILONIA V S.A. (SPE only),L,52.01,69.9,136.5,CENTRAL EOLICA BABILONIA V S.A.; CENTRAL EOLICA BABILONIA I S.A.; CENTRAL EOLICA BABILONIA II S.A.
134,BRIGIDA,PE,Solar,BON NOME SOLAR S.A. (SPE only),L,51.5,46.39,163.0,BON NOME SOLAR S.A.; BRIGIDA SOLAR SPE S.A.; BRIGIDA 2 SOLAR SPE S.A.
135,BOA SORTE,MG,Solar,CENTRAL FOTOVOLTAICA BOA SORTE 1 SPE LTD (SPE only),L,51.28,196.98,352.8,CENTRAL FOTOVOLTAICA BOA SORTE 1 SPE LTDA.; CENTRAL FOTOVOLTAICA BOA SORTE 2 SPE LTDA.; CENTRAL FOTOVOLTAICA BOA SORTE 3 SPE LTDA.
136,JAIBA 4 (DISTRIBUICAO),MG,Solar,Solar MG SPEs,M,51.05,87.66,128.5,JAIBA 3 ENERGIAS RENOVAVEIS S.A.; JAIBA 4 ENERGIAS RENOVAVEIS S.A.; JAIBA 9 ENERGIAS RENOVAVEIS S.A.
137,ACARAU II,CE,Wind,CENTRAL EOLICA PRAIA DO MORGADO S/A (SPE only),L,50.45,61.14,70.8,CENTRAL EOLICA PRAIA DO MORGADO S/A; CENTRAL EOLICA VOLTA DO RIO S/A
138,BW GUIRAPA I,BA,Wind,CENTRAL EOLICA TEIU S/A (SPE only),L,49.95,35.39,88.8,CENTRAL EOLICA TEIU S/A; CENTRAL EOLICA ANGICAL S/A; CENTRAL EOLICA INHAMBU S/A
139,REI DOS VENTOS 1,RN,Wind,— unmapped —,L,49.26,37.82,0.0,
140,CONJUNTO EOLICO OUROLANDIA II,BA,Wind,— unmapped —,L,48.69,33.8,0.0,
141,BW GUIRAPA II,BA,Wind,CENTRAL EOLICA COQUEIRINHO S/A (SPE only),L,47.76,31.05,81.4,CENTRAL EOLICA COQUEIRINHO S/A; CENTRAL EOLICA CAITITU S/A; CENTRAL EOLICA TAMANDUA MIRIM S/A
142,CHAFARIZ SUL II,PB,Wind,CHAFARIZ 1 ENERGIA RENOVÁVEL S.A. (SPE only),L,47.38,84.66,169.8,CHAFARIZ 1 ENERGIA RENOVÁVEL S.A.; CHAFARIZ 2 ENERGIA RENOVÁVEL S.A.; CHAFARIZ 3 ENERGIA RENOVÁVEL S.A.
143,HORIZONTE,BA,Solar,Enel Green Power Brasil,H,47.37,60.34,79.8,ENEL GREEN POWER HORIZONTE MP SOLAR S.A.
144,RIO ALTO,PB,Solar,COREMAS I GERACAO DE ENERGIA SPE S.A (SPE only),L,46.86,98.3,216.0,COREMAS I GERACAO DE ENERGIA SPE S.A; COREMAS III GERACAO DE ENERGIA SPE S.A; COREMAS IV GERACAO DE ENERGIA SPE LTDA
145,FLORESTA,RN,Solar,ENGIE SOLAR FLORESTA III GERACAO CENTRAL (SPE only),L,45.59,46.5,86.0,ENGIE SOLAR FLORESTA III GERACAO CENTRALIZADA SPE S.A; ENGIE SOLAR FLORESTA II GERACAO CENTRALIZADA SPE S.A; ENGIE SOLAR FLORESTA I GERACAO CENTRALIZADA SPE S.A
146,PARACATU,MG,Solar,GERADORA SOLAR SAO JOAO PARACATU I S.A. (SPE only),L,44.58,169.19,342.0,GERADORA SOLAR SAO JOAO PARACATU I S.A.; GERADORA SOLAR SAO JOAO PARACATU II S.A.; ENGIE SOLAR PARACATU III GERACAO CENTRALIZADA SPE S.A.
147,MODELO,RN,Wind,Enel Green Power Brasil,H,44.19,26.12,56.4,ENEL GREEN POWER MODELO I EOLICA S.A.; ENEL GREEN POWER MODELO II EOLICA S.A.
148,ALEGRIA I,RN,Wind,— unmapped —,L,43.74,25.02,0.0,
149,KAIROS,CE,Wind,KAIROS WIND 1 ENERGIA S A (SPE only),L,42.08,33.5,112.5,KAIROS WIND 1 ENERGIA S A; KAIROS WIND 6 ENERGIA S.A.; KAIROS WIND 2 ENERGIA S A
150,JAIBA,MG,Solar,— unmapped —,L,42.0,48.45,0.0,
151,CURVA DOS VENTOS,BA,Wind,Enel Green Power Brasil,H,40.91,23.46,56.4,ENEL GREEN POWER JOANA EOLICA S.A.; ENEL GREEN POWER EMILIANA EOLICA S.A.
152,CRISTAL,BA,Wind,Enel Green Power Brasil,H,40.9,42.77,89.7,ENEL GREEN POWER SAO JUDAS EOLICA S/A; ENEL GREEN POWER PRIMAVERA EOLICA S/A; ENEL GREEN POWER CRISTAL EOLICA S/A
153,OESTE SERIDO,RN,Wind,CENTRAL GERADORA EÓLICA SERIDÓ I S.A. (SPE only),L,40.29,107.29,247.5,CENTRAL GERADORA EÓLICA SERIDÓ I S.A.; CENTRAL GERADORA EÓLICA SERIDÓ II S.A.; CENTRAL GERADORA EÓLICA SERIDÓ III S A.
154,SJP,PI,Solar,CELEO SÃO JOÃO DO PIAUÍ FV I S.A. (SPE only),L,38.55,65.6,186.1,CELEO SÃO JOÃO DO PIAUÍ FV I S.A.; CELEO SÃO JOÃO DO PIAUÍ FV II S.A.; CELEO SÃO JOÃO DO PIAUÍ FV III S.A.
155,SAO MIGUEL,RN,Wind,SM GERACAO DE ENERGIA EOLICA S/A (SPE only),L,37.95,26.05,60.4,SM GERACAO DE ENERGIA EOLICA S/A; VENTOS PARAZINHENSES GERADORA EOLICA S/A
156,PEDRA CHEIROSA,CE,Wind,PEDRA CHEIROSA II ENERGIA LTDA. (SPE only),L,37.58,44.38,48.3,PEDRA CHEIROSA II ENERGIA LTDA.; PEDRA CHEIROSA I ENERGIA LTDA
157,PARANATAMA,PE,Wind,EOLICA SERRA DAS VACAS I S.A. (SPE only),L,37.37,78.6,226.8,EOLICA SERRA DAS VACAS I S.A.; EOLICA SERRA DAS VACAS II S.A.; EOLICA SERRA DAS VACAS III S.A.
158,ACAUA,RN,Wind,CENTRAL EOLICA ACAUA I S.A. (SPE only),L,36.88,50.37,109.2,CENTRAL EOLICA ACAUA I S.A.; CENTRAL EOLICA ACAUA III S.A.; CENTRAL EOLICA ACAUA II S.A.
159,BOM NOME,PE,Solar,COMPANHIA PERNAMBUCANA DE SANEAMENTO (SPE only),L,36.87,38.66,83.9,COMPANHIA PERNAMBUCANA DE SANEAMENTO; São Pedro e Paulo I SPE S.A.
160,SANTA EUGENIA,BA,Wind,— unmapped —,L,36.67,16.35,0.0,
161,CHAPADA II,PI,Wind,Casa dos Ventos,M,36.55,64.94,205.1,VENTOS DE SANTA JOANA XI ENERGIAS RENOVAVEIS S.A.; VENTOS DE SANTA JOANA XVI ENERGIAS RENOVAVEIS S.A.; VENTOS DE SANTA JOANA X ENERGIAS RENOVAVEIS S.A.
162,DELFINA,BA,Wind,Enel Green Power Brasil,H,35.62,98.02,209.4,ENEL GREEN POWER DELFINA A EOLICA S.A.; ENEL GREEN POWER DELFINA B EOLICA S.A.; ENEL GREEN POWER DELFINA C EOLICA S.A.
163,CHAPADA III,PI,Wind,Casa dos Ventos,M,34.95,82.4,231.6,VENTOS DE SANTA JOANA IV ENERGIAS RENOVAVEIS S.A; VENTOS DE SANTA JOANA V ENERGIAS RENOVAVEIS S.A; VENTOS DE SANTA JOANA III ENERGIAS RENOVAVEIS S.A
164,TAIBA,CE,Wind,CENTRAL GERADORA EOLICA TAIBA AGUIA S.A. (SPE only),L,34.2,51.5,56.7,CENTRAL GERADORA EOLICA TAIBA AGUIA S.A.; CENTRAL GERADORA EOLICA COLONIA S.A.; CENTRAL GERADORA EOLICA TAIBA ANDORINHA S.A.
165,SAO PEDRO,BA,Solar,CENTRAL FOTOVOLTAICA SAO PEDRO II S.A. (SPE only),L,34.1,34.91,54.0,CENTRAL FOTOVOLTAICA SAO PEDRO II S.A.; CENTRAL FOTOVOLTAICA SAO PEDRO IV S.A.
166,SERTAO SOLAR BARREIRAS,BA,Solar,Solar BA SPEs,M,34.01,53.99,94.6,SOLAR BARREIRAS I ENERGIA SPE LTDA; SOLAR BARREIRAS II ENERGIA SPE LTDA; SOLAR BARREIRAS III ENERGIA SPE LTDA
167,SANTA ROSA MUNDO NOVO,RN,Wind,CENTRAL EOLICA SRMN I S.A. (SPE only),L,33.96,77.64,155.4,CENTRAL EOLICA SRMN I S.A.; CENTRAL EOLICA SRMN II S.A.; CENTRAL EOLICA SRMN III S.A.
168,CHAFARIZ NORTE,PB,Wind,CANOAS 2 ENERGIA RENOVÁVEL S.A. (SPE only),L,33.84,65.41,159.4,CANOAS 2 ENERGIA RENOVÁVEL S.A.; CANOAS 3 ENERGIA RENOVÁVEL S.A.; CANOAS 4 ENERGIA RENOVÁVEL S.A.
169,TAMBORIL I,BA,Wind,— unmapped —,L,33.31,7.1,0.0,
170,ANEMUS,RN,Wind,ANEMUS WIND 1 PARTICIPACOES S.A. (SPE only),L,33.2,54.57,138.6,ANEMUS WIND 1 PARTICIPACOES S.A.; ANEMUS WIND 2 PARTICIPACOES S.A.; ANEMUS WIND 3 PARTICIPACOES S.A
171,NOVA OLINDA,PI,Solar,NOVA OLINDA NORTE SOLAR S.A. (SPE only),L,31.82,69.68,210.0,NOVA OLINDA NORTE SOLAR S.A.; NOVA OLINDA B SOLAR S.A.; NOVA OLINDA C SOLAR S.A.
172,CONJUNTO EOLICO CURRAL NOVO DO PIAUI II,PI,Wind,— unmapped —,L,31.81,45.15,0.0,
173,BJL,BA,Solar,BJL11 SOLAR S.A. (SPE only),L,31.49,29.31,40.0,BJL11 SOLAR S.A.; BJL4 SOLAR S.A.
174,ABIL I,BA,Wind,— unmapped —,L,29.88,11.81,0.0,
175,CAETITE A,BA,Wind,Engie Brasil Energia,H,29.7,27.4,54.4,EOLICA CAETITE B S.A.; EOLICA CAETITE A S.A.; EOLICA CAETITE C S.A.
176,FILGUEIRA,RN,Wind,— unmapped —,L,28.27,4.32,0.0,
177,ARARIPE III,PI,Wind,— unmapped —,L,28.1,11.77,0.0,
178,SAO GONCALO,PI,Solar,— unmapped —,L,28.07,13.06,0.0,
179,FV SJP,PI,Solar,— unmapped —,L,28.01,26.34,0.0,
180,UMARI,RN,Wind,Casa dos Ventos,M,27.48,87.91,45.0,Ventos de São Galdino Energias Renováveis S.A.
181,CHAFARIZ SUL I,PB,Wind,CHAFARIZ 4 ENERGIA RENOVÁVEL S.A. (SPE only),L,27.08,54.31,142.1,CHAFARIZ 4 ENERGIA RENOVÁVEL S.A.; CHAFARIZ 5 ENERGIA RENOVÁVEL S.A.; VENTOS DE ARAPUÁ 1 ENERGIA RENOVÁVEL S.A.
182,CANUDOS I,BA,Wind,EOLICA CANUDOS III SPE S.A. (SPE only),L,25.84,38.76,99.4,EOLICA CANUDOS III SPE S.A.; EOLICA CANUDOS II SPE S.A.
183,ABAIARA,CE,Solar,— unmapped —,L,25.26,66.57,0.0,
184,FOTOVOLTAICO ABAIARA,CE,Solar,— unmapped —,L,24.09,22.97,0.0,
185,BOM JESUS,BA,Solar,BOM JESUS DA LAPA SOLAR S.A. (SPE only),L,23.47,27.62,60.0,BOM JESUS DA LAPA SOLAR S.A.
186,SAO BASILIO (SOLAR),PI,Solar,— unmapped —,L,23.01,24.44,0.0,
187,LAPA,BA,Solar,NOVA LAPA SOLAR S.A. (SPE only),L,22.55,27.04,60.0,NOVA LAPA SOLAR S.A.
188,CALANGO 3,RN,Wind,SANTANA 1 ENERGIA RENOVAVEL S.A. (SPE only),L,22.12,37.89,84.0,SANTANA 1 ENERGIA RENOVAVEL S.A.; SANTANA 2 ENERGIA RENOVAVEL S.A.; CALANGO 6 ENERGIA RENOVAVEL S.A.
189,JUAZEIRO SOLAR 2,BA,Solar,— unmapped —,L,22.01,54.89,0.0,
190,ICARAIZINHO,CE,Wind,— unmapped —,L,21.68,15.04,0.0,
191,FRANCISCO SA,MG,Solar,FRANCISCO SA 1 ENERGIAS RENOVAVEIS S.A. (SPE only),L,21.09,38.16,99.0,FRANCISCO SA 1 ENERGIAS RENOVAVEIS S.A.; FRANCISCO SA 2 ENERGIAS RENOVAVEIS S.A.; FRANCISCO SA 3 ENERGIAS RENOVAVEIS S.A.
192,TACARATU,PE,Solar,ENEL SOLUCOES ENERGETICAS LTDA (SPE only),L,20.49,44.84,10.0,ENEL SOLUCOES ENERGETICAS LTDA
193,FOTOVOLTAICO GILBUES II,PI,Solar,— unmapped —,L,20.36,14.87,0.0,
194,PAULINO NEVES,MA,Wind,DELTA 3 VI ENERGIA S.A. (SPE only),L,19.94,191.4,426.0,DELTA 3 VI ENERGIA S.A.; DELTA 3 V ENERGIA S.A.; DELTA 3 VII ENERGIA S.A.
195,EOLICO MOSSORO II,RN,Wind,— unmapped —,L,19.8,24.83,0.0,
196,SOL DO PIAUI,PI,Solar,— unmapped —,L,18.81,36.04,0.0,
197,SANTA LUZIA II,PB,Solar,— unmapped —,L,18.68,36.76,0.0,
198,CHAPADINHA,PI,Wind,— unmapped —,L,18.08,8.02,0.0,
199,EOL ICARAIZINHO,CE,Wind,— unmapped —,L,17.37,31.03,0.0,
200,CALANGO 1,RN,Wind,CALANGO 1 ENERGIA RENOVAVEL S/A. (SPE only),L,16.59,22.12,60.0,CALANGO 1 ENERGIA RENOVAVEL S/A.; CALANGO 3 ENERGIA RENOVAVEL S/A.
201,MALHADINHA 1,CE,Wind,— unmapped —,L,15.82,12.72,0.0,
202,ABIL II,BA,Wind,— unmapped —,L,15.48,3.51,0.0,
203,CASA NOVA,BA,Wind,AXIA ENERGIA NORDESTE S.A. (SPE only),L,15.47,20.46,88.1,AXIA ENERGIA NORDESTE S.A.
204,ASSU V,RN,Solar,— unmapped —,L,15.33,18.02,0.0,
205,FOLHA DE SERRA,BA,Wind,— unmapped —,L,15.02,6.12,0.0,
206,SERRA DE SANTANA 1 E 2,RN,Wind,— unmapped —,L,14.71,16.55,0.0,
207,SERRA DE SANTANA 3,RN,Wind,— unmapped —,L,14.45,16.43,0.0,
208,LUZIA,PB,Solar,LUZIA 2 ENERGIA RENOVAVEL S.A. (SPE only),L,14.43,32.17,117.9,LUZIA 2 ENERGIA RENOVAVEL S.A.; LUZIA 3 ENERGIA RENOVAVEL S.A.
209,JUAZEIRO SOLAR,BA,Solar,— unmapped —,L,14.06,33.12,0.0,
210,ARAXA,MG,Solar,USINA DE ENERGIA FOTOVOLTAICA ARAXA S.A. (SPE only),L,12.98,42.01,90.0,USINA DE ENERGIA FOTOVOLTAICA ARAXA S.A.
211,CALANGO 2,RN,Wind,CALANGO 2 ENERGIA RENOVAVEL S/A (SPE only),L,12.85,22.76,90.0,CALANGO 2 ENERGIA RENOVAVEL S/A; CALANGO 4 ENERGIA RENOVAVEL S/A.; CALANGO 5 ENERGIA RENOVAVEL S/A.
212,TACARATU II,PE,Wind,— unmapped —,L,12.63,21.55,0.0,
213,CONJUNTO FOTOVOLTAICO SANTA LUZIA II,PB,Solar,— unmapped —,L,11.98,14.83,0.0,
214,SERRA DE SANTANA,RN,Wind,EOLICA LAGOA NOVA S.A. (SPE only),L,10.72,24.82,204.0,EOLICA LAGOA NOVA S.A.; EOLICA SERIDO S.A. SUBSIDIARIA INTEGRAL; EOLICA SERRA DE SANTANA S.A.
215,SAO GONCALO A,PI,Solar,— unmapped —,L,10.54,2.51,0.0,
216,BOA HORA,SP,Solar,BOA HORA 1 GERADORA DE ENERGIA SOLAR S.A (SPE only),L,10.49,54.09,178.3,BOA HORA 1 GERADORA DE ENERGIA SOLAR S.A.; BOA HORA 2 GERADORA DE ENERGIA SOLAR S.A.; BOA HORA 3 GERADORA DE ENERGIA SOLAR S.A.
217,EOLICO UMARI,RN,Wind,— unmapped —,L,10.01,18.46,0.0,
218,VARZEA DA PALMA 7,MG,Solar,GERADORA SOLAR VARZEA I SA (SPE only),L,9.79,29.05,90.0,GERADORA SOLAR VARZEA I SA; GERADORA SOLAR VARZEA II SA
219,VENTOS DO PIAUI II,PI,Wind,— unmapped —,L,9.54,5.02,0.0,
220,VENTOS DO PIAUI III,PI,Wind,— unmapped —,L,9.34,8.48,0.0,
221,SAO BASILIO (EOLICO),PI,Wind,— unmapped —,L,8.12,7.47,0.0,
222,SOL DO FUTURO,CE,Solar,CENTRAL FOTOVOLTAICA SOL DO FUTURO I S.A (SPE only),L,7.89,23.3,81.0,CENTRAL FOTOVOLTAICA SOL DO FUTURO I S.A.; CENTRAL FOTOVOLTAICA SOL DO FUTURO II S.A.; CENTRAL FOTOVOLTAICA SOL DO FUTURO III S.A.
223,EOLICO IGAPORA III,BA,Wind,— unmapped —,L,6.57,5.99,0.0,
224,ASSU SOL,RN,Solar,CENTRAL FOTOVOLTAICA ASSU SOL 1 LTDA. (SPE only),L,5.66,9.63,752.7,CENTRAL FOTOVOLTAICA ASSU SOL 1 LTDA.; CENTRAL FOTOVOLTAICA ASSU SOL 2 LTDA.; CENTRAL FOTOVOLTAICA ASSU SOL 3 LTDA.
225,SERRA DO TIGRE,RN,Wind,Casa dos Ventos,M,4.67,20.81,621.0,Ventos de Santa Tarsila Energias Renováveis S.A; Ventos de Santa Doroteia Energias Renováveis S.A.; Ventos de Santa Bertilla Energias Renováveis S.A.
226,SIMPLICE,RN,Solar,DUNAMIS PROJETOS DE ENERGIA FOTOVOLTAICA (SPE only),L,4.61,9.12,117.5,Dunamis Projetos De Energia Fotovoltaica SPE LTDA.
227,VENTOS DA BAHIA 2,BA,Wind,— unmapped —,L,4.42,1.85,0.0,
228,PEREIRA BARRETO,SP,Solar,CENTRAL SOLAR PEREIRA BARRETO I S.A. (SPE only),L,4.33,70.72,458.0,CENTRAL SOLAR PEREIRA BARRETO I S.A.; CENTRAL SOLAR PEREIRA BARRETO II S.A.; CENTRAL SOLAR PEREIRA BARRETO III S.A.
229,CONJUNTO JAIBA 4 DIST,MG,Solar,— unmapped —,L,4.3,9.41,0.0,
230,JUAZEIRO II,BA,Solar,— unmapped —,L,4.13,13.17,0.0,
231,SERRA DAS ALMAS II,BA,Wind,— unmapped —,L,3.83,15.22,0.0,
232,MAURITI,CE,Solar,— unmapped —,L,3.76,4.16,0.0,
233,VENTOS DA BAHIA III,BA,Wind,— unmapped —,L,3.57,0.92,0.0,
234,TRES MARIAS 3,MG,Solar,— unmapped —,L,3.39,11.58,0.0,
235,EOLICO PINDAI II,BA,Wind,— unmapped —,L,3.38,2.65,0.0,
236,LINS,CE,Solar,— unmapped —,L,2.84,6.54,0.0,
237,EOLICO SERRA DO ASSURUA,BA,Wind,— unmapped —,L,2.65,6.26,0.0,
238,CASTILHO,SP,Solar,GERADORA SOLAR CASTILHO I S.A. (SPE only),L,2.31,100.2,205.0,GERADORA SOLAR CASTILHO I S.A.; RENAULT DO BRASIL S.A.; NOVO ATACADO COMERCIO DE ALIMENTOS SA
239,VARZEA DA PALMA,MG,Solar,— unmapped —,L,1.87,10.07,0.0,
240,PEDRANOPOLIS,SP,Solar,USINA DE ENERGIA FOTOVOLTAICA PEDRANOPOL (SPE only),L,1.84,42.78,90.0,USINA DE ENERGIA FOTOVOLTAICA PEDRANOPOLIS S.A.
241,GUAIMBE,SP,Solar,GUAIMBE I PARQUE SOLAR LTDA. (SPE only),L,1.77,46.56,150.0,GUAIMBE I PARQUE SOLAR LTDA.; GUAIMBE II PARQUE SOLAR LTDA.; GUAIMBE III PARQUE SOLAR LTDA.
242,SERRITA,PE,Solar,ESTADO DE PERNAMBUCO (SPE only),L,1.08,0.71,60.0,ESTADO DE PERNAMBUCO
243,CATAVENTOS ACARAU I,CE,Wind,— unmapped —,L,0.89,0.93,0.0,
244,TACARATU (EOLICO),PE,Wind,— unmapped —,L,0.79,0.78,0.0,
245,DRACENA,SP,Solar,DRACENA I PARQUE SOLAR S.A. (SPE only),L,0.55,25.19,81.0,DRACENA I PARQUE SOLAR S.A.; DRACENA II PARQUE SOLAR S.A.; DRACENA IV PARQUE SOLAR S.A.
246,CATAVENTOS DO ACARAU I,CE,Wind,— unmapped —,L,0.24,0.78,0.0,
247,SANTA VITORIA DO PALMAR,RS,Wind,SERENA CHUI I ENERGIA SA (SPE only),L,0.2,111.31,582.8,SERENA CHUI I ENERGIA SA
248,FLOR DE MANDACARU,CE,Solar,— unmapped —,L,0.13,0.27,0.0,
249,TACARATU (SOLAR),PE,Solar,— unmapped —,L,0.1,0.69,0.0,
250,CERRO CHATO,RS,Wind,AXIA ENERGIA SUL S.A. (SPE only),L,0.03,20.79,163.2,AXIA ENERGIA SUL S.A.; EOLICA IBIRAPUITA S.A.
251,LIVRAMENTO 3,RS,Wind,AXIA ENERGIA SUL S.A. (SPE only),L,0.02,26.22,268.8,AXIA ENERGIA SUL S.A.
252,LAGOA DOS BARROS,RS,Wind,VENTOS DO SUL ENERGIA S/A (SPE only),L,0.01,47.71,317.9,VENTOS DO SUL ENERGIA S/A; VENTOS DO LITORAL ENERGIA S.A.; VENTOS DA LAGOA ENERGIA S.A
253,MARMELEIRO 2,RS,Wind,SANTA VITORIA DO PALMAR V ENERGIAS RENOV (SPE only),L,0.01,46.9,207.0,SANTA VITORIA DO PALMAR V ENERGIAS RENOVAVEIS S.A.; SANTA VITORIA DO PALMAR VI ENERGIAS RENOVAVEIS S.A.; SANTA VITORIA DO PALMAR IV ENERGIAS RENOVAVEIS S.A.
254,QUINTA 69 KV,RS,Wind,EOL BRISA ENERGIAS RENOVAVEIS S.A. (SPE only),L,0.01,14.03,64.0,EOL BRISA ENERGIAS RENOVAVEIS S.A.; EOL VENTO ENERGIAS RENOVAVEIS S.A.; EOL WIND ENERGIAS RENOVAVEIS S.A.
255,VIAMAO 3,RS,Wind,FORCA DOS VENTOS ENERGIA EOLICA S.A (SPE only),L,0.01,10.76,59.8,FORCA DOS VENTOS ENERGIA EOLICA S.A; EOLICA PONTAL 3B S.A.; EOLICA PONTAL 2A S.A.
256,ELEBRAS CIDREIRA 1,RS,Wind,— unmapped —,L,0.01,7.6,0.0,
257,QUINTA,RS,Wind,— unmapped —,L,0.01,23.57,0.0,
258,XANGRI-LA,RS,Wind,— unmapped —,L,0.01,7.11,0.0,
259,BOM JARDIM,SC,Wind,PULPITO ENERGIA EOLICA S.A. (SPE only),L,0.01,15.73,93.0,PULPITO ENERGIA EOLICA S.A.; SANTO ANTONIO ENERGIA EOLICA S.A.; RIO DE OURO ENERGIA EOLICA S.A.
260,ATLANTICA,RS,Wind,ATLANTICA I PARQUE EOLICO LTDA. (SPE only),L,0.0,31.43,120.0,ATLANTICA I PARQUE EOLICO LTDA.; ATLANTICA IV PARQUE EOLICO LTDA.; ATLANTICA II PARQUE EOLICO LTDA.
261,AGUA DOCE,SC,Wind,AQUIBATÃ ENERGIA EÓLICA S.A. (SPE only),L,0.0,24.59,129.0,AQUIBATÃ ENERGIA EÓLICA S.A.; CASCATA ENERGIA EOLICA S.A.; SALTO ENERGIA EOLICA S.A.
262,EOLICA CATAVENTOS DO ACARAU I,CE,Wind,— unmapped —,L,0.0,0.4,0.0,
263,EOLICO CAMPO LARGO,BA,Wind,— unmapped —,L,0.0,2.55,0.0,
264,EOLICO LIVRAMENTO 3,RS,Wind,— unmapped —,L,0.0,0.76,0.0,
265,CONJUNTO EOLICO BABILONIA CENTRO,BA,Wind,— unmapped —,L,0.0,0.0,0.0,
266,CONJUNTO EOLICO KAIROS,CE,Wind,— unmapped —,L,0.0,0.0,0.0,
267,PARACATU 4,MG,Solar,— unmapped —,L,0.0,7.45,0.0,
