id,peca,formato,data,descricao,texto_exato,origem,arquivos,render_s,rotulo
KV-01,KV-01 · MÃE AO VIVO,9:16 · 4:5 · 1:1 · 16:9,,"O PALCO: a vela AO VIVO acesa sobre o X de fita, sob um spot duro, com a escalação MÃE AO VIVO em tipo por código.",MÃE AO VIVO · DOMINGO · 09.05 · abertura: você · holofote nela.,local,03_LANCAMENTO/KV/KV-01_16x9.png | 03_LANCAMENTO/KV/KV-01_1x1.png | 03_LANCAMENTO/KV/KV-01_4x5.png | 03_LANCAMENTO/KV/KV-01_9x16.png,KV-01_9x16_limpo 496 s (96 amostras) | KV-01_9x16_apagado_portao 46 s (32 amostras) | KV-01_4x5_limpo 293 s (64 amostras) | KV-01_1x1_limpo 329 s (128 amostras) | KV-01_16x9_limpo 398 s (64 amostras),"KV-01_16x9_limpo: pior 0,896 · p5 0,951 · PASSA | KV-01_1x1_limpo: pior 0,097 · p5 0,873 · FALHA | KV-01_4x5_limpo: pior 0,917 · p5 0,957 · PASSA | KV-01_9x16_limpo: pior 0,934 · p5 0,957 · PASSA | KV-01_9x16_portao-chama: pior None · p5 None · FALHA"
KV-45,KV-45 · quadro de produto,9:16 (aceso e apagado; com e sem título),,"A vela a 85 mm, rótulo inteiro legível, acesa e apagada: o quadro de produto dos anúncios e filmes.",SUA VEZ. · A ATRAÇÃO É ELA. · holofote nela. · nunca deixe a vela acesa sem supervisão.,local,03_LANCAMENTO/KV/KV-45_aceso_A-ATRACAO-E-ELA.png | 03_LANCAMENTO/KV/KV-45_aceso_SUA-VEZ.png | 03_LANCAMENTO/KV/KV-45_aceso_sem-titulo.png | 03_LANCAMENTO/KV/KV-45_apagado_A-ATRACAO-E-ELA.png | 03_LANCAMENTO/KV/KV-45_apagado_SUA-VEZ.png | 03_LANCAMENTO/KV/KV-45_apagado_sem-titulo.png | 02_PRODUTO/renders/KV-45_aceso.png | 02_PRODUTO/renders/KV-45_aceso_2x.png | 02_PRODUTO/renders/KV-45_apagado.png | 02_PRODUTO/renders/KV-45_apagado_2x.png,KV-45_aceso 390 s (128 amostras) | KV-45_apagado 309 s (96 amostras),"KV-45_aceso: pior 0,934 · p5 0,962 · PASSA | KV-45_aceso_1x_informativo: pior 0,795 · p5 0,989 · FALHA | KV-45_apagado: pior 0,934 · p5 0,963 · PASSA | KV-45_apagado_1x_informativo: pior 0,797 · p5 0,989 · FALHA"
C01,C01 · O MURO,4:5,,"Muro de reboco no flash de O MURO, com os nossos cartazes lambe em grade 4 × 3: MÃE AO VIVO · 09.05 nas quatro cores, dois rasgados mostrando camadas antigas (MAIS UM!, CAMARIM, meio ACÚSTICO) e um escorrido de cola seca. Num parapeito de concreto a ⅓ da altura, as quatro velas apagadas, tampadas, 01–02–03–04.",Composto como mais um cartaz no muro: MÃE AO VIVO. 09.05. INGRESSOS COM VOCÊ.,local (Blender + tipo por código),03_LANCAMENTO/C/C01_O-MURO.png,C01_O-MURO_limpo 182 s (64 amostras),"C01_O-MURO_limpo__HLF-01: pior 0,883 · p5 0,976 · PASSA | C01_O-MURO_limpo__HLF-02: pior 0,959 · p5 0,974 · PASSA | C01_O-MURO_limpo__HLF-03: pior 0,861 · p5 0,962 · PASSA | C01_O-MURO_limpo__HLF-04: pior 0,974 · p5 0,981 · PASSA"
C02,C02 · A PRIMEIRA FILA (a emocional),4:5,,"Câmera no fundo do palco, atrás da vela, olhando para um auditório de escola vazio. O verso do copo para a câmera, nítido, com a linha ESTREIA de exemplo 03.08.2003 · 14:32; acesa, a 60 cm da beira do palco. Adiante, uma fileira de oito cadeiras monobloco brancas em luz fraca, a ≥2 m; uma bolsa de mulher guarda a cadeira do meio. Ninguém. Um spot duro de cima e de trás (elevação 60°) no verso; luzes da plateia a 5%.","A vida toda guardando lugar na primeira fila. / Esse ano, o palco é dela.",local (Blender + tipo por código),03_LANCAMENTO/C/C02_A-PRIMEIRA-FILA.png,C02_A-PRIMEIRA-FILA_limpo 386 s (64 amostras),"C02_A-PRIMEIRA-FILA_limpo: pior 0,966 · p5 0,982 · PASSA"
C03,C03 · O PIOR SHOW,9:16,,"Papel lambe amarelo sangrado, tipo de madeira preto empilhado na largura toda: ELA / APLAUDIU / DE PÉ / O SEU / PIOR / SHOW. Anotação em Shantell ao lado de PIOR, (girassol, 2007), com seta. No terço de baixo, um círculo preto de Ø 360 px com a vela acesa (miniatura, sem alegação de fidelidade).",Sua vez. holofote nela.,local (Blender + tipo por código),03_LANCAMENTO/C/C03_O-PIOR-SHOW.png,,
C04,C04 · A DISCOGRAFIA,4:5,,"As quatro velas acesas em fila no palco preto, cada uma na sua poça branca (quatro spots, para luz colorida nunca falsear revestimento). Setlist colada no chão 60 cm à frente, fora das poças.","A DISCOGRAFIA DELA. / (até agora.); na setlist, em Shantell: 1. camarim · 2. ao vivo · 3. mais um! · 4. acústico",local (Blender + tipo por código),03_LANCAMENTO/C/C04_A-DISCOGRAFIA.png,C04_A-DISCOGRAFIA_limpo 209 s (64 amostras),"C04_A-DISCOGRAFIA_limpo__HLF-01: pior 0,776 · p5 0,833 · FALHA | C04_A-DISCOGRAFIA_limpo__HLF-02: pior 0,940 · p5 0,944 · FALHA | C04_A-DISCOGRAFIA_limpo__HLF-03: pior 0,820 · p5 0,849 · FALHA | C04_A-DISCOGRAFIA_limpo__HLF-04: pior 0,733 · p5 0,773 · FALHA"
C05,C05 · O CASE,1:1 + 9:16,,"De cima a 70° sobre preto. O CASE aberto, tampa em pé. O espelho reflete só o teto escuro e uma lâmpada de serviço nua: nunca um rosto, nunca a embalagem. Na espuma, AO VIVO tampada; a setlist saindo da fenda; a pulseira passada pelo fecho com o selo pode rasgar. legível.",Mãe não tem camarim. Agora tem. · O CASE · com o nome dela · R$179,local (Blender + tipo por código),03_LANCAMENTO/C/C05_O-CASE_1x1.png | 03_LANCAMENTO/C/C05_O-CASE_9x16.png,C05_O-CASE_1x1_limpo 198 s (64 amostras) | C05_O-CASE_9x16_limpo 345 s (64 amostras),
C06,C06 · O MENOR HOLOFOTE,4:5,,"O quadro do blackout: vela acesa no preto total, sem spot, a chama como única luz. Rótulo iluminado só pela chama (conferido no passe albedo). Vidro a 30% da altura.",O MENOR HOLOFOTE DO BRASIL. / Pra maior atração.,local (Blender + tipo por código),03_LANCAMENTO/C/C06_O-MENOR-HOLOFOTE.png | 02_PRODUTO/renders/C06_O-MENOR-HOLOFOTE_neutra.png,C06_O-MENOR-HOLOFOTE_limpo 160 s (64 amostras) | C06_O-MENOR-HOLOFOTE_neutra 137 s (24 amostras),"C06_O-MENOR-HOLOFOTE_limpo: pior 0,094 · p5 0,791 · FALHA | C06_O-MENOR-HOLOFOTE_limpo__albedo: pior 0,948 · p5 0,980 · PASSA | C06_O-MENOR-HOLOFOTE_neutra: pior 0,946 · p5 0,977 · PASSA"
C07,C07 · PIX (só 6 mai),9:16,,"Cartaz lambe amarelo de O MURO: PIX NÃO TEM CHEIRO. em tipo de madeira na largura toda; abaixo, uma miniatura do KV e MÃE AO VIVO · DOMINGO · 09.05. Sem marca Pix.",Pix não tem cheiro.,local (Blender + tipo por código),03_LANCAMENTO/C/C07_PIX.png,,não se aplica
C08,C08 · NOVA TEMPORADA,4:5,,"O PALCO: o copo limpo e vazio (apagado) no X, com a cápsula de refil preta em pé ao lado, selo para cima.",O copo fica. A turnê continua. · refil 200 g · R$79,local (Blender + tipo por código),03_LANCAMENTO/C/C08_NOVA-TEMPORADA.png,C08_NOVA-TEMPORADA_limpo 355 s (64 amostras),"C08_NOVA-TEMPORADA_limpo: pior 0,893 · p5 0,971 · PASSA"
C09,C09 · O CARTAZ DELA,9:16,,"Amostra do gerador de cartaz: DONA CIDA AO VIVO em rosa, com seis datas de turnê e textura O LAMBE.",faz o cartaz dela. · holofote.exemplo/cartaz,local (Blender + tipo por código),03_LANCAMENTO/C/C09_O-CARTAZ-DELA_DONA-CIDA.png,,não se aplica
C10,C10 · SALVA COMO,4:5,,"Flash de O MURO no reboco. Três copos personalizados num parapeito, apagados: MÃE ♥ (amarelo), DONA CIDA (rosa, passo 4), MAINHA (laranja, passo 3).",comenta como ela tá salva no seu celular. a gente bota no cartaz.,local (Blender + tipo por código),AUSENTE,C10_SALVA-COMO_limpo 334 s (96 amostras),"C10_SALVA-COMO_limpo__CASE-01_DONA-CIDA: pior 0,916 · p5 0,969 · PASSA | C10_SALVA-COMO_limpo__CASE-02_MAE-CORACAO: pior 0,901 · p5 0,945 · FALHA | C10_SALVA-COMO_limpo__CASE-03_MAINHA: pior 0,942 · p5 0,970 · PASSA"
B01,B01 · BOLETIM,1:1 + 9:16,02.05 (dom),"Cartão lambe na cor da faixa do dia: escalação MÃE AO VIVO · DOMINGO · 09.05, 06:03 pequeno no canto, a frase do dia, o wordmark. Download livre + pacote de figurinhas. Postado às 06:03, de 2 a 9 mai.",bom dia. faltam 7 dias pro show. pode encaminhar.,local (Blender + tipo por código),03_LANCAMENTO/B/B01_BOLETIM_0205_1x1.png | 03_LANCAMENTO/B/B01_BOLETIM_0205_9x16.png,,não se aplica
B02,B02 · BOLETIM,1:1 + 9:16,03.05,,bom dia. a atração já confirmou presença. e você?,local,03_LANCAMENTO/B/B02_BOLETIM_0305_1x1.png | 03_LANCAMENTO/B/B02_BOLETIM_0305_9x16.png,,não se aplica
B03,B03 · BOLETIM,1:1 + 9:16,04.05,,bom dia. leva um casaquinho. e um ingresso.,local,03_LANCAMENTO/B/B03_BOLETIM_0405_1x1.png | 03_LANCAMENTO/B/B03_BOLETIM_0405_9x16.png,,não se aplica
B04,B04 · BOLETIM,1:1 + 9:16,05.05,,bom dia. ingressos com os filhos. (os filhos sabem quem são.),local,03_LANCAMENTO/B/B04_BOLETIM_0505_1x1.png | 03_LANCAMENTO/B/B04_BOLETIM_0505_9x16.png,,não se aplica
B05,B05 · BOLETIM,1:1 + 9:16,06.05,,bom dia. faltam 3 dias. vou contar até três.,local,03_LANCAMENTO/B/B05_BOLETIM_0605_1x1.png | 03_LANCAMENTO/B/B05_BOLETIM_0605_9x16.png,,não se aplica
B06,B06 · BOLETIM,1:1 + 9:16,07.05,,bom dia. primeiro sinal.,local,03_LANCAMENTO/B/B06_BOLETIM_0705_1x1.png | 03_LANCAMENTO/B/B06_BOLETIM_0705_9x16.png,,não se aplica
B07,B07 · BOLETIM,1:1 + 9:16,08.05,,bom dia. segundo sinal. visualizou? então.,local,03_LANCAMENTO/B/B07_BOLETIM_0805_1x1.png | 03_LANCAMENTO/B/B07_BOLETIM_0805_9x16.png,,não se aplica
B08,B08 · BOLETIM,1:1 + 9:16,09.05,,bom dia. terceiro sinal. o show é hoje.,local,03_LANCAMENTO/B/B08_BOLETIM_0905_1x1.png | 03_LANCAMENTO/B/B08_BOLETIM_0905_9x16.png,,não se aplica
L01,L01 · FRENTE,,,"85 mm, na altura do rótulo (52 mm), inclinação 0°, yaw 20° (¾ frente). AO VIVO apagada, com a tampa encostada à direita mostrando o X e ela fica aqui.",,local,03_LANCAMENTO/L/L01_FRENTE.png,L01_FRENTE 383 s (64 amostras),"L01_FRENTE: pior 0,950 · p5 0,974 · PASSA"
L02,L02 · VERSO,,,"O verso de frente (yaw 180°), sem tampa: ELA ESTEVE EM TODAS. O texto da página avisa que o verso é o ponto.",,local,03_LANCAMENTO/L/L02_VERSO.png,L02_VERSO 278 s (64 amostras),"L02_VERSO: pior 0,953 · p5 0,987 · PASSA"
L03,L03 · A BASE,,,"O copo deitado, base para a câmera, girado 15°, com luz rasante da esquerda para o relevo PRECISAVA. ler. Etiqueta de lote legível.",,local,03_LANCAMENTO/L/L03_A-BASE.png,L03_A-BASE 429 s (64 amostras),
L04,L04 · O CASE ABERTO,,,"De cima a 70°: case aberto com o espelho, copo na espuma, setlist aberta em leque mostrando os ingressos, pulseira com selo.",,local,03_LANCAMENTO/L/L04_O-CASE-ABERTO.png,L04_O-CASE-ABERTO 234 s (64 amostras),
L05,L05 · A TAMPA-PALCO,,,"A vela acesa em pé sobre a tampa virada, no fundo infinito; as pontas do X aparecem em volta da base; nada a menos de 30 cm. ¾ frente, 25° para baixo.",,local,03_LANCAMENTO/L/L05_A-TAMPA-PALCO.png,L05_A-TAMPA-PALCO 224 s (64 amostras),"L05_A-TAMPA-PALCO: pior 0,962 · p5 0,979 · PASSA"
L06,L06 · A TURNÊ,,,"Os quatro copos de 200 g tampados, mais O SINGLE (em escala real) e uma cápsula NOVA TEMPORADA, em fila, apagados. O único quadro onde as quatro cores se encontram.",,local,03_LANCAMENTO/L/L06_A-TURNE.png,L06_A-TURNE 378 s (64 amostras),"L06_A-TURNE__HLF-01-200: pior 0,914 · p5 0,958 · FALHA | L06_A-TURNE__HLF-02-080: pior 0,832 · p5 0,884 · FALHA | L06_A-TURNE__HLF-02-200: pior 0,881 · p5 0,969 · FALHA | L06_A-TURNE__HLF-03-200: pior 0,976 · p5 0,979 · FALHA | L06_A-TURNE__HLF-04-200: pior 0,469 · p5 0,934 · FALHA"
L07,L07 · NOVA TEMPORADA,,,"O copo limpo e vazio, a cápsula ao lado e o selo meio aberto.",,local,03_LANCAMENTO/L/L07_NOVA-TEMPORADA.png,L07_NOVA-TEMPORADA 340 s (64 amostras),"L07_NOVA-TEMPORADA: pior 0,920 · p5 0,963 · PASSA"
D01,D01 · A CARTEIRINHA,9:16 (gerador),,"A carteirinha de fã-clube dos anos 80 como peça digital: cantos arredondados, janela de foto, faixa de brilho da plastificação.",FÃ-CLUBE OFICIAL · [HEADLINER] · SÓCIO Nº 0001 · Membro desde: hoje · Atraso: [anos] anos · Validade: vitalícia · Benefício: acesso total (sempre teve).,local (Blender + tipo por código),03_LANCAMENTO/D/D01_A-CARTEIRINHA_9x16.png,,não se aplica
D02,D02 · O INGRESSO,1080 × 1350,,"A confirmação do pedido, por e-mail e link (sem marca de app de mensagens). O canhoto aparece “rasgado” depois da entrega.",INGRESSO · MÃE AO VIVO · SETOR: PRIMEIRA FILA · ASSENTO: O DE SEMPRE · DOMINGO · 09.05,local (Blender + tipo por código),03_LANCAMENTO/D/D02_O-INGRESSO_inteiro.png | 03_LANCAMENTO/D/D02_O-INGRESSO_rasgado.png,,não se aplica
STK,STK,512 × 512 WebP ×8,,Só o nosso tipo e os nossos desenhos.,ACESSO TOTAL · MAIS UM! · abertura: você · não precisava. · PRECISAVA. · equipe técnica · terceiro sinal · ela fica aqui.,local (Blender + tipo por código),03_LANCAMENTO/STK/STK-01_ACESSO-TOTAL.webp | 03_LANCAMENTO/STK/STK-02_MAIS-UM.webp | 03_LANCAMENTO/STK/STK-03_ABERTURA-VOCE.webp | 03_LANCAMENTO/STK/STK-04_NAO-PRECISAVA.webp | 03_LANCAMENTO/STK/STK-05_PRECISAVA.webp | 03_LANCAMENTO/STK/STK-06_EQUIPE-TECNICA.webp | 03_LANCAMENTO/STK/STK-07_TERCEIRO-SINAL.webp | 03_LANCAMENTO/STK/STK-08_ELA-FICA-AQUI.webp,,não se aplica
S01,S01 · DIGITANDO,"9:16, 10,8 s (a plataforma dizia 6 s; as contagens de quadros dela somam 8,4 s antes da assinatura, e o ritmo é a piada)",,"Papel de O MURO. Shantell digita mãe, você foi a melhor plateia d (12 quadros por palavra), segura 18 quadros, apaga letra por letra (2 quadros cada) e digita domingo tô aí. Assinatura. Sem interface de chat.",domingo tô aí. / holofote nela.,local (Blender + tipo por código),04_FILMES/S01_DIGITANDO_som.mp4,,não se aplica
P01,P01 · A FOTO DE DIVULGAÇÃO,4:5,,"M01 como foto de divulgação de estrela pop, flash duro na câmera, na própria sala. Substituto na mesa de centro a 70 cm, apagado, tampado. Embalagem composta por código. Não produzida (pessoas não geradas).","Ela vai dizer ""não precisava"". É a sua deixa.",precisa de pessoa gerada,AUSENTE,,
P02,P02 · A PLATEIA,9:16,,"H01 sozinha na primeira fila de monoblocos brancos no auditório escuro, de pé, aplaudindo, filmada do palco sob um spot. Sem produto. Não produzida.","Esse ano, você é a plateia.",precisa de pessoa gerada,AUSENTE,,
P03,P03 · CAMARIM,4:5,,"M01 num espelho de camarim real (lâmpadas acesas, cena gerada), passando batom vermelho, sorrindo para si. Sem produto. Não produzida.",olha a atração.,precisa de pessoa gerada,AUSENTE,,
