root,name,ucs,ufs,dist
45955360,CONSORCIO CEMIG SIM GD I,459323,MG,CEMIG-D
33896601,CONSORCIO ENERGIA LIVRE,340830,"MG,SP","CEMIG-D,EDP SP,EMR,ESS"
35705491,CONSORCIO COMERC ENERGIA MG,205791,MG,CEMIG-D
46297631,CONSORCIO ENERGIA DE TODOS,143404,MG,CEMIG-D
43581971,BULBE ENERGIA COOPERATIVA,128146,MG,CEMIG-D
45955633,CONSORCIO CEMIG SIM GD III,116704,MG,CEMIG-D
47387900,CONSÓRCIO AVANTTI METHA,56069,MG,CEMIG-D
35802746,COOPERATIVA BRASILEIRA DE GERACAO DISTRIBUIDA,48634,"BA,ES,MA,MG,PB,PR,RS,SC,SP","CEEE-D,CELESC,CEMIG-D,COELBA,COPEL-DIS,C"
36402848,COOPERATIVA ORIGO GERACAO DISTRIBUIDA,34384,"MG,MS","CEMIG-D,EMS"
28307135,COOPERATIVA DE GERACAO COMPARTILHADA COGECOM,25983,"MS,PR,RS,SC,SP","CEEE-D,CELESC,CERMISSÕES,COPEL-DIS,CPFL-"
35629598,CONSORCIO UFV MIRABELA,24938,MG,CEMIG-D
43347674,COOPERATIVA BRASILEIRA ESFERA GER DIST,23323,MG,CEMIG-D
40765256,VEINS ENERGIA COOPERATIVA LTDA VECOOP,22038,MG,CEMIG-D
49351967,FIT ASSOCIACAO DE CONSUMIDORES DE ENERGIA DE GERACAO DISTRIBUIDA,18654,"BA,PI,PR,RS,SC,SP","CEEE-D,CELESC,COELBA,COPEL-DIS,ELEKTRO,E"
65806744,CONSORCIO IGREEN CONNECT,14666,MG,CEMIG-D
45318049,COOPERATIVA EVOLUA MINAS,14483,MG,CEMIG-D
35379794,CONSORCIO EVOLUA ENERGIA 1,13387,MG,CEMIG-D
40180455,COOPERATIVA EVOLUA ENERGIA,13116,MG,CEMIG-D
58319386,BULBE ENERGIA COOPERATIVA II,12774,MG,CEMIG-D
48275784,COOPERATIVA TERENAS ENERGIA,12093,"ES,PR,SP","COPEL-DIS,CPFL-PAULISTA,EDP ES,EDP SP"
45955621,CONSORCIO CEMIG SIM GD II,11805,MG,CEMIG-D
50945983,ASSOCIACAO SAO FRANCISCO ENERGIA SOLAR,11573,MG,CEMIG-D
38185835,COOPERATIVA DE ENERGIA COTESA,10773,"MT,PR,RS,SC,SP","CEEE-D,CELESC,CERMISSÕES,CERTEL ENERGIA,"
30866068,CONSORCIO ALSOLAR,10585,"MG,MS,MT,SP","CEMIG-D,EMR,EMS,EMT,ESS"
53652215,ASSOCIACAO ES L1,10512,ES,EDP ES
27305300,COOPERATIVA CONS ENERGIA ENERCRED,10419,MG,CEMIG-D
35423589,CONSORCIO GERACAO COMPART DETRONIC01,8877,MG,CEMIG-D
55894242,COOPERATIVA DE SERVICOS WISECOOP,8492,MG,CEMIG-D
43728127,CONSORCIO CLICKLIVRE ENERGIA,8105,MG,CEMIG-D
54371960,CONSORCIO ECOMAX SOLAR,7809,MG,CEMIG-D
19889446,CONSORCIO COMERC ENERGIA MG,7149,MG,CEMIG-D
46447265,ASSOCIACAO ENERSIM MT,5458,MT,EMT
35199055,CANAL VERDE COOPERATIVA DE ENERGIAS RENOVAVEIS,5413,"MT,PR,SP","COPEL-DIS,CPFL-PAULISTA,EMT"
46273814,CONSORCIO NORTEN DE GERACAO DISTRIBUIDA,5379,MG,CEMIG-D
48769401,COOPERATIVA DE SERVICOS WATTCOOP,5367,MG,CEMIG-D
46327113,CONSORCIO BJM ENERGIA,5291,MG,CEMIG-D
53300926,ASSOCIACAO DE COMPARTILHAMENTO DE ENERGI,5172,"MA,MG,PR,SC","CELESC,CEMIG-D,COPEL-DIS,EQUATORIAL MA"
30673806,COOPERATIVA BRASILEIRA DE ACESSO,5137,MG,CEMIG-D
38232616,COOPERATIVA NACIONAL FLORA ENERGIA,5014,"MG,SP","CEMIG-D,CPFL-PAULISTA,ELEKTRO"
18021856,CONSORCIO ENERGIA DE TODOS,4992,MG,CEMIG-D
53517701,CONSORCIO MANGABEIRAS,4872,MG,CEMIG-D
41157566,COOPERATIVA SOLAR GERACAO DISTRIBUIDA,4799,MG,CEMIG-D
58911455,CONSORCIO MAIS CERSOL 2,4626,MG,CEMIG-D
43914932,CONSORCIO SOLAR GREENPAY VI,4460,MG,CEMIG-D
39493915,CONSORCIO AXS ENERGIA UNIDADE 01,4020,MG,CEMIG-D
41069453,ENERCOOP COOPERATIVA DE ENERGIA,3943,MG,CEMIG-D
12194903,COOPERATIVA ORIGO GERACAO DISTRIBUIDA,3877,"MG,MS,SP","CEMIG-D,CPFL-PAULISTA,EMS"
40784640,CONSORCIO CUICUROS,3835,MG,CEMIG-D
76202779,COOPERATIVA DE INFRAESTRUTURA E ELETRIFICACAO RURAL DE PALOTINA,3623,PR,COPEL-DIS
39600251,COOP DISTRIB DE ENERGIA SOLAR COODES,3175,MG,CEMIG-D
35881998,COOPERATIVA BRASILEIRA ESFERA GER DIST,3030,MG,CEMIG-D
36538282,CONSORCIO MINAS ENERGIA I,2774,MG,CEMIG-D
55486261,CONSORCIO NUV GERACAO MG,2757,MG,CEMIG-D
40253834,VIIA ENERGIA INTELIGENTE CONSORCIOS,2716,MG,CEMIG-D
31988573,CONSORCIO PIRAPORA DE ENERGIA SOLAR,2671,MG,CEMIG-D
35574114,CONSORCIO CARIACICA IV,2661,ES,EDP ES
34806899,CONSORCIO CARIACICA III,2646,ES,EDP ES
47112451,CONSÓRCIO ALSOLAR - GERAÇÃO DE ENERGIA RENOVÁVEL,2620,MT,EMT
34806895,CONSORCIO CARIACICA II,2612,ES,EDP ES
35574115,CONSORCIO CARIACICA V,2597,ES,EDP ES
