dead_tariff_line,rulings_citing_it,six_digit_heading_status,newest_ruling_citing_it,example_ruling,verify_at
6211.42.00,1817,subdivided,2017-03-02,N283205,https://hts.usitc.gov/search?query=6211.42.00
6211.43.00,1506,subdivided,2017-02-02,N282430,https://hts.usitc.gov/search?query=6211.43.00
6201.93.35,889,gone entirely,2014-10-15,N257434,https://hts.usitc.gov/search?query=6201.93.35
6201.93.30,687,gone entirely,2014-07-15,N254784,https://hts.usitc.gov/search?query=6201.93.30
6404.19.35,673,subdivided,2012-02-15,N200955,https://hts.usitc.gov/search?query=6404.19.35
6110.10.20,586,gone entirely,2002-01-22,965184,https://hts.usitc.gov/search?query=6110.10.20
6203.43.40,562,subdivided,2015-10-16,N269005,https://hts.usitc.gov/search?query=6203.43.40
6203.42.40,543,subdivided,2014-03-27,N237166,https://hts.usitc.gov/search?query=6203.42.40
6202.93.50,519,gone entirely,2015-04-21,N263240,https://hts.usitc.gov/search?query=6202.93.50
6210.40.50,506,subdivided,2015-02-18,N261017,https://hts.usitc.gov/search?query=6210.40.50
6204.62.40,492,subdivided,2013-08-28,N245256,https://hts.usitc.gov/search?query=6204.62.40
6402.99.18,482,subdivided,2007-02-07,N005758,https://hts.usitc.gov/search?query=6402.99.18
6505.90.60,474,gone entirely,2012-01-05,N196588,https://hts.usitc.gov/search?query=6505.90.60
6307.90.99,451,subdivided,2007-12-10,N019940,https://hts.usitc.gov/search?query=6307.90.99
6204.63.35,398,subdivided,2015-04-08,N263556,https://hts.usitc.gov/search?query=6204.63.35
6202.92.20,357,gone entirely,2011-03-22,N150584,https://hts.usitc.gov/search?query=6202.92.20
6202.93.45,346,gone entirely,2015-04-21,N263240,https://hts.usitc.gov/search?query=6202.93.45
6201.92.20,329,gone entirely,2010-04-27,N100481,https://hts.usitc.gov/search?query=6201.92.20
6211.33.00,309,subdivided,2018-06-19,H265483,https://hts.usitc.gov/search?query=6211.33.00
6211.49.90,283,subdivided,2008-11-26,N045159,https://hts.usitc.gov/search?query=6211.49.90
6505.90.80,269,gone entirely,2011-09-01,N178487,https://hts.usitc.gov/search?query=6505.90.80
6505.90.20,227,gone entirely,2011-08-17,N175674,https://hts.usitc.gov/search?query=6505.90.20
6304.91.00,196,subdivided,2021-12-06,N322667,https://hts.usitc.gov/search?query=6304.91.00
6402.99.30,184,subdivided,2007-02-07,N005758,https://hts.usitc.gov/search?query=6402.99.30
6203.43.35,170,subdivided,2008-10-20,N039737,https://hts.usitc.gov/search?query=6203.43.35
6210.50.50,159,subdivided,2014-05-12,N252846,https://hts.usitc.gov/search?query=6210.50.50
6211.49.10,150,subdivided,2011-03-04,N125055,https://hts.usitc.gov/search?query=6211.49.10
6211.32.00,149,subdivided,2014-12-19,N259663,https://hts.usitc.gov/search?query=6211.32.00
6202.13.40,144,gone entirely,2018-09-21,N300320,https://hts.usitc.gov/search?query=6202.13.40
6211.41.00,118,gone entirely,2010-06-29,N111603,https://hts.usitc.gov/search?query=6211.41.00
6115.93.90,102,gone entirely,2006-12-28,N004460,https://hts.usitc.gov/search?query=6115.93.90
6406.99.15,98,gone entirely,2012-01-20,N198395,https://hts.usitc.gov/search?query=6406.99.15
6402.99.40,95,subdivided,2012-11-20,H174858,https://hts.usitc.gov/search?query=6402.99.40
6204.62.20,92,subdivided,2007-05-16,N010986,https://hts.usitc.gov/search?query=6204.62.20
6404.19.50,92,subdivided,2011-11-15,N188949,https://hts.usitc.gov/search?query=6404.19.50
6406.99.30,87,gone entirely,2011-08-03,N173935,https://hts.usitc.gov/search?query=6406.99.30
6402.99.70,87,subdivided,2011-08-19,N176567,https://hts.usitc.gov/search?query=6402.99.70
6204.69.25,84,subdivided,2014-10-06,N257438,https://hts.usitc.gov/search?query=6204.69.25
6204.63.30,80,subdivided,2008-04-01,N024377,https://hts.usitc.gov/search?query=6204.63.30
6404.19.80,78,subdivided,2011-07-13,N171650,https://hts.usitc.gov/search?query=6404.19.80
6202.12.20,75,gone entirely,2008-10-17,N041342,https://hts.usitc.gov/search?query=6202.12.20
6402.99.15,74,subdivided,1994-10-20,803390,https://hts.usitc.gov/search?query=6402.99.15
6211.49.00,72,subdivided,2000-11-21,847571,https://hts.usitc.gov/search?query=6211.49.00
6505.90.15,70,gone entirely,2010-02-25,N092256,https://hts.usitc.gov/search?query=6505.90.15
6204.69.90,70,subdivided,2012-07-27,N227346,https://hts.usitc.gov/search?query=6204.69.90
6404.19.70,70,subdivided,2011-10-04,N183637,https://hts.usitc.gov/search?query=6404.19.70
6201.93.20,66,gone entirely,2012-03-12,N205004,https://hts.usitc.gov/search?query=6201.93.20
6114.10.00,64,gone entirely,2006-09-14,M85942,https://hts.usitc.gov/search?query=6114.10.00
6202.93.20,64,gone entirely,2008-07-25,N033219,https://hts.usitc.gov/search?query=6202.93.20
6402.99.60,61,subdivided,2011-04-11,N155835,https://hts.usitc.gov/search?query=6402.99.60
6203.42.20,60,subdivided,2008-01-10,N020876,https://hts.usitc.gov/search?query=6203.42.20
6217.10.00,58,subdivided,2000-02-21,850098,https://hts.usitc.gov/search?query=6217.10.00
6210.40.90,52,subdivided,2008-05-29,N028318,https://hts.usitc.gov/search?query=6210.40.90
6110.90.00,50,subdivided,2000-11-30,892852,https://hts.usitc.gov/search?query=6110.90.00
6115.92.90,47,gone entirely,2006-09-29,967739,https://hts.usitc.gov/search?query=6115.92.90
6113.00.00,47,subdivided,2018-09-28,N300464,https://hts.usitc.gov/search?query=6113.00.00
6202.11.00,47,gone entirely,2009-02-24,N052598,https://hts.usitc.gov/search?query=6202.11.00
6201.13.40,47,gone entirely,2018-09-21,N300320,https://hts.usitc.gov/search?query=6201.13.40
6505.90.50,45,gone entirely,2006-08-11,M85524,https://hts.usitc.gov/search?query=6505.90.50
6210.10.40,44,subdivided,2000-05-07,852515,https://hts.usitc.gov/search?query=6210.10.40
6210.50.90,44,subdivided,2005-12-02,L88612,https://hts.usitc.gov/search?query=6210.50.90
6201.91.20,44,gone entirely,2007-12-12,N020099,https://hts.usitc.gov/search?query=6201.91.20
6305.31.00,42,gone entirely,2000-07-27,855061,https://hts.usitc.gov/search?query=6305.31.00
6211.11.20,41,subdivided,1994-10-28,802797,https://hts.usitc.gov/search?query=6211.11.20
6212.10.20,40,subdivided,2000-04-11,851388,https://hts.usitc.gov/search?query=6212.10.20
6505.90.30,40,gone entirely,2010-09-09,N119795,https://hts.usitc.gov/search?query=6505.90.30
6117.80.00,37,subdivided,2000-10-12,846329,https://hts.usitc.gov/search?query=6117.80.00
6217.10.90,34,subdivided,2000-04-27,F84991,https://hts.usitc.gov/search?query=6217.10.90
6406.99.90,34,gone entirely,2011-11-10,N188783,https://hts.usitc.gov/search?query=6406.99.90
6210.40.10,33,subdivided,1994-08-11,800111,https://hts.usitc.gov/search?query=6210.40.10
6402.99.14,32,subdivided,2007-02-07,N005756,https://hts.usitc.gov/search?query=6402.99.14
6307.90.94,31,subdivided,1992-05-28,556636,https://hts.usitc.gov/search?query=6307.90.94
6201.92.15,31,gone entirely,2002-06-27,I82389,https://hts.usitc.gov/search?query=6201.92.15
6201.93.10,31,gone entirely,2010-07-16,N110496,https://hts.usitc.gov/search?query=6201.93.10
6505.90.70,30,gone entirely,2006-12-27,N004147,https://hts.usitc.gov/search?query=6505.90.70
6210.50.10,30,subdivided,1994-08-15,800840,https://hts.usitc.gov/search?query=6210.50.10
6202.99.10,29,gone entirely,2006-09-27,M86246,https://hts.usitc.gov/search?query=6202.99.10
6203.49.80,28,subdivided,2006-07-11,M84158,https://hts.usitc.gov/search?query=6203.49.80
6115.11.00,28,gone entirely,2006-10-24,M87061,https://hts.usitc.gov/search?query=6115.11.00
6117.80.90,27,subdivided,1998-07-14,C89481,https://hts.usitc.gov/search?query=6117.80.90
6210.50.30,26,subdivided,2016-02-12,N267351,https://hts.usitc.gov/search?query=6210.50.30
6505.90.25,25,gone entirely,2008-02-22,N022542,https://hts.usitc.gov/search?query=6505.90.25
6203.43.20,24,subdivided,2006-10-05,M86651,https://hts.usitc.gov/search?query=6203.43.20
6404.11.80,24,subdivided,2011-10-13,N184377,https://hts.usitc.gov/search?query=6404.11.80
6302.21.20,23,subdivided,1994-11-23,804095,https://hts.usitc.gov/search?query=6302.21.20
6404.11.70,23,subdivided,2011-02-18,N144457,https://hts.usitc.gov/search?query=6404.11.70
6202.93.10,22,gone entirely,2007-06-04,N011219,https://hts.usitc.gov/search?query=6202.93.10
6307.90.90,22,subdivided,2000-09-13,848000,https://hts.usitc.gov/search?query=6307.90.90
6210.40.30,21,subdivided,2007-07-31,N014189,https://hts.usitc.gov/search?query=6210.40.30
6505.90.40,21,gone entirely,2008-07-31,N032703,https://hts.usitc.gov/search?query=6505.90.40
6110.10.10,20,gone entirely,2001-04-26,G88750,https://hts.usitc.gov/search?query=6110.10.10
6403.30.00,20,gone entirely,2006-05-05,M82442,https://hts.usitc.gov/search?query=6403.30.00
6505.90.90,19,gone entirely,2008-02-19,N022570,https://hts.usitc.gov/search?query=6505.90.90
6203.49.20,19,subdivided,2008-04-14,N024872,https://hts.usitc.gov/search?query=6203.49.20
6406.99.60,19,gone entirely,2010-03-30,N096220,https://hts.usitc.gov/search?query=6406.99.60
6115.12.20,18,gone entirely,2006-12-07,N003068,https://hts.usitc.gov/search?query=6115.12.20
6203.43.15,17,subdivided,2006-07-05,M84151,https://hts.usitc.gov/search?query=6203.43.15
6201.12.20,17,gone entirely,2008-05-23,N027556,https://hts.usitc.gov/search?query=6201.12.20
6115.19.00,17,gone entirely,2000-04-13,885021,https://hts.usitc.gov/search?query=6115.19.00
6211.31.00,17,gone entirely,2006-06-13,M83753,https://hts.usitc.gov/search?query=6211.31.00
6404.11.50,17,subdivided,2011-04-11,N155835,https://hts.usitc.gov/search?query=6404.11.50
6302.92.00,16,gone entirely,2004-04-06,K84076,https://hts.usitc.gov/search?query=6302.92.00
6202.91.20,16,gone entirely,2008-12-12,N045538,https://hts.usitc.gov/search?query=6202.91.20
6205.10.20,15,gone entirely,2002-12-10,I89199,https://hts.usitc.gov/search?query=6205.10.20
6108.22.00,15,subdivided,2000-09-09,845247,https://hts.usitc.gov/search?query=6108.22.00
6303.92.00,14,subdivided,1994-01-18,955036,https://hts.usitc.gov/search?query=6303.92.00
6402.99.20,14,subdivided,2005-11-15,L88231,https://hts.usitc.gov/search?query=6402.99.20
6204.61.90,13,subdivided,2007-06-29,N013089,https://hts.usitc.gov/search?query=6204.61.90
6204.69.40,13,subdivided,2006-10-02,M86307,https://hts.usitc.gov/search?query=6204.69.40
6201.99.90,13,gone entirely,2007-02-23,N006370,https://hts.usitc.gov/search?query=6201.99.90
6207.92.40,12,gone entirely,2006-08-09,M84843,https://hts.usitc.gov/search?query=6207.92.40
6302.59.00,12,subdivided,2004-07-20,R00568,https://hts.usitc.gov/search?query=6302.59.00
6202.99.90,12,gone entirely,2011-09-16,N182122,https://hts.usitc.gov/search?query=6202.99.90
6302.52.20,12,gone entirely,2004-07-06,K86666,https://hts.usitc.gov/search?query=6302.52.20
6202.92.15,12,gone entirely,2011-03-22,N150584,https://hts.usitc.gov/search?query=6202.92.15
6212.10.10,12,subdivided,1994-12-15,804187,https://hts.usitc.gov/search?query=6212.10.10
6302.31.10,12,subdivided,2000-08-16,855481,https://hts.usitc.gov/search?query=6302.31.10
6216.00.32,12,subdivided,1994-04-22,896113,https://hts.usitc.gov/search?query=6216.00.32
6204.69.60,11,subdivided,2006-06-15,M83643,https://hts.usitc.gov/search?query=6204.69.60
6204.63.15,11,subdivided,2009-11-16,N082156,https://hts.usitc.gov/search?query=6204.63.15
6307.90.95,11,subdivided,1991-01-30,088053,https://hts.usitc.gov/search?query=6307.90.95
6115.20.90,11,gone entirely,2006-09-20,M86306,https://hts.usitc.gov/search?query=6115.20.90
6302.31.20,11,subdivided,1994-10-28,803158,https://hts.usitc.gov/search?query=6302.31.20
6101.10.00,10,gone entirely,2006-04-13,M81392,https://hts.usitc.gov/search?query=6101.10.00
6116.93.90,10,subdivided,1992-02-27,871421,https://hts.usitc.gov/search?query=6116.93.90
6217.90.00,9,subdivided,1993-01-05,880991,https://hts.usitc.gov/search?query=6217.90.00
6107.92.00,9,gone entirely,2006-12-22,N004603,https://hts.usitc.gov/search?query=6107.92.00
6201.11.00,9,gone entirely,2013-08-20,N244254,https://hts.usitc.gov/search?query=6201.11.00
6202.19.10,9,gone entirely,2006-09-29,M86257,https://hts.usitc.gov/search?query=6202.19.10
6406.10.80,9,subdivided,1990-03-26,086578,https://hts.usitc.gov/search?query=6406.10.80
6302.52.10,9,gone entirely,2003-02-27,J81319,https://hts.usitc.gov/search?query=6302.52.10
6307.90.87,9,subdivided,2000-07-25,854790,https://hts.usitc.gov/search?query=6307.90.87
6110.20.00,8,subdivided,2003-09-05,J87183,https://hts.usitc.gov/search?query=6110.20.00
6117.90.00,8,subdivided,1993-12-15,892542,https://hts.usitc.gov/search?query=6117.90.00
6115.12.00,8,gone entirely,2000-04-13,885021,https://hts.usitc.gov/search?query=6115.12.00
6216.00.48,8,subdivided,1990-05-02,851408,https://hts.usitc.gov/search?query=6216.00.48
6115.93.30,8,gone entirely,2003-02-12,965914,https://hts.usitc.gov/search?query=6115.93.30
6404.19.60,8,subdivided,2007-11-02,N018569,https://hts.usitc.gov/search?query=6404.19.60
6204.63.12,7,subdivided,2001-03-07,G87909,https://hts.usitc.gov/search?query=6204.63.12
6116.10.90,7,subdivided,1992-08-14,876713,https://hts.usitc.gov/search?query=6116.10.90
6115.92.20,7,gone entirely,1995-10-02,814477,https://hts.usitc.gov/search?query=6115.92.20
6115.93.60,7,gone entirely,2006-09-20,M86306,https://hts.usitc.gov/search?query=6115.93.60
6505.90.08,7,gone entirely,2011-01-07,N137298,https://hts.usitc.gov/search?query=6505.90.08
6402.19.10,7,subdivided,1999-10-28,956588,https://hts.usitc.gov/search?query=6402.19.10
6204.63.25,6,subdivided,2001-05-15,H81183,https://hts.usitc.gov/search?query=6204.63.25
6506.99.00,6,subdivided,2000-12-13,G84349,https://hts.usitc.gov/search?query=6506.99.00
6401.91.00,6,gone entirely,1999-07-28,E84771,https://hts.usitc.gov/search?query=6401.91.00
6204.69.30,6,subdivided,1994-12-16,804614,https://hts.usitc.gov/search?query=6204.69.30
6109.90.20,6,subdivided,1994-11-10,956796,https://hts.usitc.gov/search?query=6109.90.20
6211.39.90,6,subdivided,2004-07-15,K87227,https://hts.usitc.gov/search?query=6211.39.90
6210.40.70,6,subdivided,2003-10-23,J89311,https://hts.usitc.gov/search?query=6210.40.70
6202.99.00,6,gone entirely,1994-09-01,801547,https://hts.usitc.gov/search?query=6202.99.00
6115.99.18,6,subdivided,2006-09-15,M86470,https://hts.usitc.gov/search?query=6115.99.18
6115.12.10,6,gone entirely,2003-02-12,965914,https://hts.usitc.gov/search?query=6115.12.10
6403.19.60,6,subdivided,1994-02-07,894043,https://hts.usitc.gov/search?query=6403.19.60
6402.99.05,6,subdivided,2006-01-26,L89759,https://hts.usitc.gov/search?query=6402.99.05
6115.92.30,6,gone entirely,2003-02-12,965917,https://hts.usitc.gov/search?query=6115.92.30
6116.93.20,5,subdivided,1990-10-26,857006,https://hts.usitc.gov/search?query=6116.93.20
6203.49.30,5,subdivided,1993-08-11,954333,https://hts.usitc.gov/search?query=6203.49.30
6115.93.20,5,gone entirely,2000-01-16,848918,https://hts.usitc.gov/search?query=6115.93.20
6201.92.10,5,gone entirely,1999-04-15,D89358,https://hts.usitc.gov/search?query=6201.92.10
6506.92.00,4,gone entirely,2001-02-12,G85793,https://hts.usitc.gov/search?query=6506.92.00
6111.10.00,4,gone entirely,2003-08-08,J87048,https://hts.usitc.gov/search?query=6111.10.00
6115.91.00,4,gone entirely,2005-11-18,L88220,https://hts.usitc.gov/search?query=6115.91.00
6503.00.90,4,gone entirely,2005-06-07,L84522,https://hts.usitc.gov/search?query=6503.00.90
6203.41.18,4,subdivided,2005-08-05,L86441,https://hts.usitc.gov/search?query=6203.41.18
6116.10.70,4,subdivided,1994-07-21,955890,https://hts.usitc.gov/search?query=6116.10.70
6204.69.20,4,subdivided,2008-02-07,N021804,https://hts.usitc.gov/search?query=6204.69.20
6306.99.00,4,gone entirely,2006-03-22,M80607,https://hts.usitc.gov/search?query=6306.99.00
6116.10.35,4,subdivided,1991-12-03,089847,https://hts.usitc.gov/search?query=6116.10.35
6116.92.60,4,subdivided,1991-05-06,862687,https://hts.usitc.gov/search?query=6116.92.60
6208.99.60,4,subdivided,1994-10-12,956505,https://hts.usitc.gov/search?query=6208.99.60
6211.39.00,4,subdivided,1993-11-01,891346,https://hts.usitc.gov/search?query=6211.39.00
6201.99.00,4,gone entirely,1994-02-02,893898,https://hts.usitc.gov/search?query=6201.99.00
6204.69.10,4,subdivided,1998-04-13,C85876,https://hts.usitc.gov/search?query=6204.69.10
6210.30.10,4,subdivided,2000-05-22,852798,https://hts.usitc.gov/search?query=6210.30.10
6402.11.00,4,gone entirely,1993-11-03,955260,https://hts.usitc.gov/search?query=6402.11.00
6203.49.40,3,subdivided,1999-07-08,E83485,https://hts.usitc.gov/search?query=6203.49.40
6202.13.10,3,gone entirely,2005-11-23,L88223,https://hts.usitc.gov/search?query=6202.13.10
6202.19.90,3,gone entirely,2000-12-08,G84498,https://hts.usitc.gov/search?query=6202.19.90
6208.90.30,3,gone entirely,2002-09-19,I85445,https://hts.usitc.gov/search?query=6208.90.30
6109.10.10,3,subdivided,2006-12-05,N003939,https://hts.usitc.gov/search?query=6109.10.10
6201.91.10,3,gone entirely,2002-10-24,I86542,https://hts.usitc.gov/search?query=6201.91.10
6207.92.20,3,gone entirely,1991-07-02,864181,https://hts.usitc.gov/search?query=6207.92.20
6115.99.80,3,subdivided,2006-09-11,M84442,https://hts.usitc.gov/search?query=6115.99.80
6203.31.00,3,subdivided,2000-03-01,F83622,https://hts.usitc.gov/search?query=6203.31.00
6210.50.70,3,subdivided,2001-03-22,G88273,https://hts.usitc.gov/search?query=6210.50.70
6201.93.25,3,gone entirely,2007-02-22,N006681,https://hts.usitc.gov/search?query=6201.93.25
6210.20.10,3,subdivided,1994-10-14,802357,https://hts.usitc.gov/search?query=6210.20.10
6204.19.30,3,subdivided,1994-01-26,893487,https://hts.usitc.gov/search?query=6204.19.30
6210.40.20,3,subdivided,1994-05-13,897200,https://hts.usitc.gov/search?query=6210.40.20
6108.99.40,3,subdivided,1994-12-15,804275,https://hts.usitc.gov/search?query=6108.99.40
6306.21.00,3,gone entirely,1999-02-11,D87416,https://hts.usitc.gov/search?query=6306.21.00
6201.93.65,3,gone entirely,2021-03-05,N317524,https://hts.usitc.gov/search?query=6201.93.65
6404.11.60,3,subdivided,2006-11-28,N003380,https://hts.usitc.gov/search?query=6404.11.60
6403.19.45,3,subdivided,1992-04-13,089572,https://hts.usitc.gov/search?query=6403.19.45
6202.92.90,2,gone entirely,2021-05-28,N319417,https://hts.usitc.gov/search?query=6202.92.90
6115.19.80,2,gone entirely,2000-04-20,F85843,https://hts.usitc.gov/search?query=6115.19.80
6202.13.30,2,gone entirely,2004-10-28,L80173,https://hts.usitc.gov/search?query=6202.13.30
6303.22.90,2,gone entirely,1999-06-08,E82530,https://hts.usitc.gov/search?query=6303.22.90
6204.39.40,2,subdivided,1991-07-26,089071,https://hts.usitc.gov/search?query=6204.39.40
6211.20.70,2,subdivided,1991-06-04,863062,https://hts.usitc.gov/search?query=6211.20.70
6216.00.39,2,subdivided,1992-04-15,872563,https://hts.usitc.gov/search?query=6216.00.39
6116.10.00,2,subdivided,1999-09-20,E86240,https://hts.usitc.gov/search?query=6116.10.00
6203.11.20,2,subdivided,2000-03-01,F83622,https://hts.usitc.gov/search?query=6203.11.20
6203.40.40,2,gone entirely,2000-10-19,964381,https://hts.usitc.gov/search?query=6203.40.40
6303.11.00,2,gone entirely,2003-10-29,J89824,https://hts.usitc.gov/search?query=6303.11.00
6302.21.10,2,subdivided,1992-09-24,952070,https://hts.usitc.gov/search?query=6302.21.10
6116.92.30,2,subdivided,1990-07-09,853415,https://hts.usitc.gov/search?query=6116.92.30
6116.99.80,2,subdivided,1995-01-05,804947,https://hts.usitc.gov/search?query=6116.99.80
6208.29.00,2,subdivided,1994-11-14,803645,https://hts.usitc.gov/search?query=6208.29.00
6203.42.43,2,subdivided,2000-08-16,G80412,https://hts.usitc.gov/search?query=6203.42.43
6110.62.20,2,gone entirely,2003-07-16,J86540,https://hts.usitc.gov/search?query=6110.62.20
6201.19.10,2,gone entirely,2004-05-06,K85469,https://hts.usitc.gov/search?query=6201.19.10
6216.00.52,2,subdivided,1992-01-22,870100,https://hts.usitc.gov/search?query=6216.00.52
6216.00.18,2,subdivided,1992-12-10,880287,https://hts.usitc.gov/search?query=6216.00.18
6116.10.45,2,subdivided,1993-05-07,884584,https://hts.usitc.gov/search?query=6116.10.45
6406.19.15,2,gone entirely,2009-08-06,N070896,https://hts.usitc.gov/search?query=6406.19.15
6210.30.20,2,subdivided,1994-08-15,800840,https://hts.usitc.gov/search?query=6210.30.20
6207.19.00,2,subdivided,1997-09-12,960423,https://hts.usitc.gov/search?query=6207.19.00
6201.93.47,2,gone entirely,2021-03-05,N317524,https://hts.usitc.gov/search?query=6201.93.47
6401.10.10,2,subdivided,2018-03-02,N294196,https://hts.usitc.gov/search?query=6401.10.10
6403.11.60,2,gone entirely,1993-11-03,955260,https://hts.usitc.gov/search?query=6403.11.60
6404.11.40,2,subdivided,2011-02-10,N143628,https://hts.usitc.gov/search?query=6404.11.40
6404.19.40,2,subdivided,1997-05-14,B84835,https://hts.usitc.gov/search?query=6404.19.40
6402.30.50,2,gone entirely,2006-03-28,M80724,https://hts.usitc.gov/search?query=6402.30.50
6404.99.18,2,gone entirely,2001-02-16,G86756,https://hts.usitc.gov/search?query=6404.99.18
6404.99.60,2,gone entirely,2004-06-29,K87139,https://hts.usitc.gov/search?query=6404.99.60
6402.30.90,2,gone entirely,2006-03-31,M81034,https://hts.usitc.gov/search?query=6402.30.90
6211.42.01,1,subdivided,2001-05-03,H80099,https://hts.usitc.gov/search?query=6211.42.01
6115.80.95,1,gone entirely,2002-11-18,I87882,https://hts.usitc.gov/search?query=6115.80.95
6204.62.35,1,subdivided,2004-09-27,K89138,https://hts.usitc.gov/search?query=6204.62.35
6304.63.35,1,gone entirely,2000-04-11,F84712,https://hts.usitc.gov/search?query=6304.63.35
6307.91.30,1,gone entirely,2001-01-25,G85796,https://hts.usitc.gov/search?query=6307.91.30
6302.10.20,1,subdivided,2003-08-05,J87336,https://hts.usitc.gov/search?query=6302.10.20
6104.20.00,1,gone entirely,2000-06-30,F87955,https://hts.usitc.gov/search?query=6104.20.00
6211.62.40,1,gone entirely,2001-05-11,H80840,https://hts.usitc.gov/search?query=6211.62.40
6106.30.30,1,gone entirely,2003-09-23,J88418,https://hts.usitc.gov/search?query=6106.30.30
6206.40.40,1,subdivided,1997-06-12,B85788,https://hts.usitc.gov/search?query=6206.40.40
6113.93.88,1,gone entirely,1997-06-06,B85822,https://hts.usitc.gov/search?query=6113.93.88
6104.62.24,1,subdivided,1999-07-19,E82916,https://hts.usitc.gov/search?query=6104.62.24
6204.64.40,1,gone entirely,1999-12-08,E88336,https://hts.usitc.gov/search?query=6204.64.40
6209.10.00,1,gone entirely,2000-08-11,G80385,https://hts.usitc.gov/search?query=6209.10.00
6204.31.30,1,subdivided,2000-09-14,G81182,https://hts.usitc.gov/search?query=6204.31.30
6206.42.30,1,gone entirely,2000-11-07,G83444,https://hts.usitc.gov/search?query=6206.42.30
6207.91.40,1,subdivided,2001-01-29,G85842,https://hts.usitc.gov/search?query=6207.91.40
6101.10.20,1,gone entirely,2001-02-28,G86938,https://hts.usitc.gov/search?query=6101.10.20
6117.85.95,1,gone entirely,2001-04-13,G88607,https://hts.usitc.gov/search?query=6117.85.95
6201.14.99,1,gone entirely,2002-01-10,H86467,https://hts.usitc.gov/search?query=6201.14.99
6104.44.22,1,subdivided,2002-06-25,I82275,https://hts.usitc.gov/search?query=6104.44.22
6302.43.40,1,gone entirely,2002-07-18,I83876,https://hts.usitc.gov/search?query=6302.43.40
6209.91.30,1,gone entirely,2002-12-31,I89398,https://hts.usitc.gov/search?query=6209.91.30
6301.31.90,1,gone entirely,2003-05-19,J83769,https://hts.usitc.gov/search?query=6301.31.90
6208.92.20,1,subdivided,2003-10-07,J88783,https://hts.usitc.gov/search?query=6208.92.20
6214.10.00,1,subdivided,2004-07-07,R00470,https://hts.usitc.gov/search?query=6214.10.00
6110.10.17,1,gone entirely,1997-04-17,959976,https://hts.usitc.gov/search?query=6110.10.17
6307.90.70,1,subdivided,1989-12-29,081946,https://hts.usitc.gov/search?query=6307.90.70
6302.42.40,1,gone entirely,1999-12-28,F80689,https://hts.usitc.gov/search?query=6302.42.40
6204.62.42,1,subdivided,2002-12-13,I88711,https://hts.usitc.gov/search?query=6204.62.42
6402.63.35,1,gone entirely,2003-07-01,J85595,https://hts.usitc.gov/search?query=6402.63.35
6106.20.00,1,subdivided,2025-09-17,N352610,https://hts.usitc.gov/search?query=6106.20.00
6216.00.12,1,subdivided,1992-04-15,872563,https://hts.usitc.gov/search?query=6216.00.12
6505.90.01,1,gone entirely,1997-07-02,B86725,https://hts.usitc.gov/search?query=6505.90.01
6204.50.30,1,gone entirely,1999-07-28,E84041,https://hts.usitc.gov/search?query=6204.50.30
6504.30.00,1,gone entirely,1999-12-07,E88879,https://hts.usitc.gov/search?query=6504.30.00
6116.00.58,1,gone entirely,2000-02-10,F82501,https://hts.usitc.gov/search?query=6116.00.58
6204.52.00,1,subdivided,2000-03-14,F83401,https://hts.usitc.gov/search?query=6204.52.00
6203.41.15,1,subdivided,2000-03-01,F83622,https://hts.usitc.gov/search?query=6203.41.15
6208.31.00,1,gone entirely,2001-03-28,G87655,https://hts.usitc.gov/search?query=6208.31.00
6204.63.10,1,subdivided,2001-12-20,H86577,https://hts.usitc.gov/search?query=6204.63.10
6114.20.20,1,subdivided,2003-02-25,I89947,https://hts.usitc.gov/search?query=6114.20.20
6301.91.00,1,gone entirely,2003-08-04,J86059,https://hts.usitc.gov/search?query=6301.91.00
6104.43.30,1,subdivided,2009-12-03,N083077,https://hts.usitc.gov/search?query=6104.43.30
6116.92.20,1,subdivided,1990-10-26,856745,https://hts.usitc.gov/search?query=6116.92.20
6116.10.18,1,subdivided,1991-05-14,862521,https://hts.usitc.gov/search?query=6116.10.18
6402.99.10,1,subdivided,1997-09-09,B88821,https://hts.usitc.gov/search?query=6402.99.10
6110.10.00,1,gone entirely,1999-04-30,E80889,https://hts.usitc.gov/search?query=6110.10.00
6211.43.09,1,subdivided,2000-07-09,A85836,https://hts.usitc.gov/search?query=6211.43.09
6104.52.20,1,subdivided,2000-06-20,F87725,https://hts.usitc.gov/search?query=6104.52.20
6212.10.00,1,subdivided,2004-07-28,K87437,https://hts.usitc.gov/search?query=6212.10.00
6201.92.45,1,gone entirely,2019-10-09,N306216,https://hts.usitc.gov/search?query=6201.92.45
6211.20.60,1,subdivided,1999-03-26,962441,https://hts.usitc.gov/search?query=6211.20.60
6307.90.86,1,subdivided,1992-03-24,950789,https://hts.usitc.gov/search?query=6307.90.86
6108.40.30,1,gone entirely,1997-09-09,B88755,https://hts.usitc.gov/search?query=6108.40.30
6217.19.95,1,gone entirely,1998-03-09,C84107,https://hts.usitc.gov/search?query=6217.19.95
6110.20.60,1,subdivided,1998-12-22,D85027,https://hts.usitc.gov/search?query=6110.20.60
6202.91.10,1,gone entirely,1999-08-26,E85138,https://hts.usitc.gov/search?query=6202.91.10
6204.30.00,1,gone entirely,2000-11-30,G83833,https://hts.usitc.gov/search?query=6204.30.00
6210.93.30,1,gone entirely,2001-02-28,G86957,https://hts.usitc.gov/search?query=6210.93.30
6505.99.00,1,gone entirely,2001-12-10,H85798,https://hts.usitc.gov/search?query=6505.99.00
6250.20.20,1,gone entirely,2002-10-03,I86705,https://hts.usitc.gov/search?query=6250.20.20
6211.30.90,1,gone entirely,2003-05-27,J84539,https://hts.usitc.gov/search?query=6211.30.90
6307.07.90,1,gone entirely,2003-07-11,J85583,https://hts.usitc.gov/search?query=6307.07.90
6302.90.00,1,gone entirely,2004-04-07,K84344,https://hts.usitc.gov/search?query=6302.90.00
6116.10.25,1,subdivided,1990-10-19,856469,https://hts.usitc.gov/search?query=6116.10.25
6201.93.50,1,gone entirely,1993-11-18,891688,https://hts.usitc.gov/search?query=6201.93.50
6205.42.40,1,gone entirely,1993-11-22,891806,https://hts.usitc.gov/search?query=6205.42.40
6108.90.20,1,gone entirely,1995-12-16,804369,https://hts.usitc.gov/search?query=6108.90.20
6115.99.20,1,subdivided,1995-01-05,804947,https://hts.usitc.gov/search?query=6115.99.20
6105.10.10,1,subdivided,1995-09-20,813809,https://hts.usitc.gov/search?query=6105.10.10
6204.52.50,1,subdivided,1996-02-02,818528,https://hts.usitc.gov/search?query=6204.52.50
6506.90.20,1,gone entirely,1996-03-06,A81046,https://hts.usitc.gov/search?query=6506.90.20
6201.99.10,1,gone entirely,1996-12-16,A89652,https://hts.usitc.gov/search?query=6201.99.10
6202.69.40,1,gone entirely,1997-05-15,B84939,https://hts.usitc.gov/search?query=6202.69.40
6101.30.30,1,subdivided,1997-09-10,B89117,https://hts.usitc.gov/search?query=6101.30.30
6306.91.00,1,gone entirely,1997-12-18,C82396,https://hts.usitc.gov/search?query=6306.91.00
6201.13.30,1,gone entirely,1998-03-24,C85296,https://hts.usitc.gov/search?query=6201.13.30
6209.50.50,1,gone entirely,1998-09-08,D81587,https://hts.usitc.gov/search?query=6209.50.50
6306.22.30,1,subdivided,1998-09-03,D81749,https://hts.usitc.gov/search?query=6306.22.30
6104.69.25,1,subdivided,1998-11-04,D83695,https://hts.usitc.gov/search?query=6104.69.25
6302.91.90,1,subdivided,2005-02-02,L82199,https://hts.usitc.gov/search?query=6302.91.90
6206.33.50,1,gone entirely,2005-03-02,L82657,https://hts.usitc.gov/search?query=6206.33.50
6112.02.02,1,gone entirely,2009-12-31,N088144,https://hts.usitc.gov/search?query=6112.02.02
6117.20.90,1,gone entirely,2001-04-19,G88709,https://hts.usitc.gov/search?query=6117.20.90
6204.49.00,1,subdivided,1989-12-01,083323,https://hts.usitc.gov/search?query=6204.49.00
6116.10.15,1,subdivided,1990-10-19,087536,https://hts.usitc.gov/search?query=6116.10.15
6216.00.15,1,subdivided,1990-10-19,087536,https://hts.usitc.gov/search?query=6216.00.15
6404.10.90,1,gone entirely,1990-11-08,857073,https://hts.usitc.gov/search?query=6404.10.90
6202.63.35,1,gone entirely,1993-08-09,888733,https://hts.usitc.gov/search?query=6202.63.35
6101.20.20,1,subdivided,1994-01-14,893689,https://hts.usitc.gov/search?query=6101.20.20
6107.19.00,1,subdivided,1994-05-27,897935,https://hts.usitc.gov/search?query=6107.19.00
6204.32.30,1,subdivided,1995-06-13,810780,https://hts.usitc.gov/search?query=6204.32.30
6207.90.99,1,gone entirely,1995-07-18,812533,https://hts.usitc.gov/search?query=6207.90.99
6109.90.00,1,subdivided,1995-08-23,812871,https://hts.usitc.gov/search?query=6109.90.00
6206.93.45,1,gone entirely,1996-07-02,A84311,https://hts.usitc.gov/search?query=6206.93.45
6203.45.35,1,gone entirely,1998-09-21,A88215,https://hts.usitc.gov/search?query=6203.45.35
6106.10.10,1,subdivided,1996-11-13,A89033,https://hts.usitc.gov/search?query=6106.10.10
6204.62.30,1,subdivided,1997-09-22,B88393,https://hts.usitc.gov/search?query=6204.62.30
6301.93.20,1,gone entirely,2005-11-15,L87668,https://hts.usitc.gov/search?query=6301.93.20
6116.30.30,1,gone entirely,2007-06-21,N011635,https://hts.usitc.gov/search?query=6116.30.30
6205.30.00,1,subdivided,1988-08-26,080047,https://hts.usitc.gov/search?query=6205.30.00
6216.00.49,1,subdivided,1990-08-20,085889,https://hts.usitc.gov/search?query=6216.00.49
6203.42.42,1,subdivided,1993-07-30,954350,https://hts.usitc.gov/search?query=6203.42.42
6104.30.30,1,gone entirely,1996-04-22,A81771,https://hts.usitc.gov/search?query=6104.30.30
6116.92.80,1,subdivided,1999-03-31,D88516,https://hts.usitc.gov/search?query=6116.92.80
6114.63.20,1,gone entirely,2002-03-13,H87724,https://hts.usitc.gov/search?query=6114.63.20
6117.20.00,1,gone entirely,1994-11-23,956683,https://hts.usitc.gov/search?query=6117.20.00
6206.90.30,1,subdivided,2002-05-10,963809,https://hts.usitc.gov/search?query=6206.90.30
6210.20.20,1,subdivided,1989-09-06,084573,https://hts.usitc.gov/search?query=6210.20.20
6207.99.60,1,subdivided,1993-04-22,953487,https://hts.usitc.gov/search?query=6207.99.60
6105.90.30,1,subdivided,1994-01-12,955049,https://hts.usitc.gov/search?query=6105.90.30
6216.00.28,1,subdivided,1994-07-21,955890,https://hts.usitc.gov/search?query=6216.00.28
6116.00.17,1,gone entirely,1992-12-10,880287,https://hts.usitc.gov/search?query=6116.00.17
6204.52.30,1,subdivided,1993-11-10,891258,https://hts.usitc.gov/search?query=6204.52.30
6505.91.00,1,gone entirely,1994-12-13,804186,https://hts.usitc.gov/search?query=6505.91.00
6204.42.00,1,subdivided,1994-01-13,804674,https://hts.usitc.gov/search?query=6204.42.00
6109.63.20,1,gone entirely,2005-01-26,L81705,https://hts.usitc.gov/search?query=6109.63.20
6404.99.15,1,gone entirely,2006-06-02,M83638,https://hts.usitc.gov/search?query=6404.99.15
6115.92.60,1,gone entirely,2006-07-11,M84401,https://hts.usitc.gov/search?query=6115.92.60
6110.20.07,1,subdivided,2006-07-20,M85009,https://hts.usitc.gov/search?query=6110.20.07
6201.93.60,1,gone entirely,2021-02-25,N317523,https://hts.usitc.gov/search?query=6201.93.60
6216.00.60,1,subdivided,1990-03-01,083645,https://hts.usitc.gov/search?query=6216.00.60
6205.20.30,1,subdivided,2010-12-17,N133127,https://hts.usitc.gov/search?query=6205.20.30
6110.30.13,1,subdivided,2002-01-22,965183,https://hts.usitc.gov/search?query=6110.30.13
6104.49.00,1,subdivided,1993-09-23,954073,https://hts.usitc.gov/search?query=6104.49.00
6506.91.06,1,subdivided,1991-08-15,089998,https://hts.usitc.gov/search?query=6506.91.06
6204.65.35,1,gone entirely,1998-12-14,960332,https://hts.usitc.gov/search?query=6204.65.35
6206.30.39,1,subdivided,1998-07-28,960555,https://hts.usitc.gov/search?query=6206.30.39
6202.19.00,1,gone entirely,1990-05-31,852242,https://hts.usitc.gov/search?query=6202.19.00
6201.93.45,1,gone entirely,1998-11-18,D84022,https://hts.usitc.gov/search?query=6201.93.45
6109.00.00,1,gone entirely,2024-09-03,N341977,https://hts.usitc.gov/search?query=6109.00.00
6208.21.10,1,subdivided,1996-04-18,A81955,https://hts.usitc.gov/search?query=6208.21.10
6201.43.00,1,gone entirely,2003-08-14,965933,https://hts.usitc.gov/search?query=6201.43.00
6202.93.48,1,gone entirely,2019-12-19,N307871,https://hts.usitc.gov/search?query=6202.93.48
6202.93.55,1,gone entirely,2019-12-19,N307871,https://hts.usitc.gov/search?query=6202.93.55
6401.91.50,1,gone entirely,2020-03-12,N309873,https://hts.usitc.gov/search?query=6401.91.50
6402.20.20,1,subdivided,2003-10-06,J88899,https://hts.usitc.gov/search?query=6402.20.20
6404.10.35,1,gone entirely,1991-12-31,950418,https://hts.usitc.gov/search?query=6404.10.35
6303.99.90,1,subdivided,1999-03-18,D89017,https://hts.usitc.gov/search?query=6303.99.90
6404.99.90,1,gone entirely,2005-10-31,L88320,https://hts.usitc.gov/search?query=6404.99.90
6403.19.35,1,subdivided,1993-10-19,890452,https://hts.usitc.gov/search?query=6403.19.35
6404.99.14,1,gone entirely,2003-09-16,J86953,https://hts.usitc.gov/search?query=6404.99.14
6405.99.90,1,gone entirely,2009-02-18,N050820,https://hts.usitc.gov/search?query=6405.99.90
6202.99.30,1,gone entirely,2004-01-26,K81680,https://hts.usitc.gov/search?query=6202.99.30
6402.11.60,1,gone entirely,1988-07-06,081839,https://hts.usitc.gov/search?query=6402.11.60
6116.96.60,1,gone entirely,2011-10-13,N185176,https://hts.usitc.gov/search?query=6116.96.60
6402.21.00,1,gone entirely,2009-12-16,N087103,https://hts.usitc.gov/search?query=6402.21.00
